Entity,Code,Year,2.1.1 Number of undernourished people (millions) | SN_ITK_DEFCN || Value | 006132 || millions
Afghanistan,AFG,2001,10300000.19
Afghanistan,AFG,2002,10300000.19
Afghanistan,AFG,2003,9600000.381
Afghanistan,AFG,2004,9399999.619
Afghanistan,AFG,2005,9199999.809
Afghanistan,AFG,2006,8800000.191
Afghanistan,AFG,2007,8100000.381
Afghanistan,AFG,2008,7400000.095
Afghanistan,AFG,2009,6900000.095
Afghanistan,AFG,2010,6900000.095
Afghanistan,AFG,2011,7400000.095
Afghanistan,AFG,2012,8800000.191
Afghanistan,AFG,2013,8500000
Afghanistan,AFG,2014,8100000.381
Afghanistan,AFG,2015,7400000.095
Afghanistan,AFG,2016,7800000.191
Afghanistan,AFG,2017,8300000.191
Afghanistan,AFG,2018,8699999.809
Afghanistan,AFG,2019,9699999.809
Africa (FAO),,2000,200899993.9
Africa (FAO),,2001,198600006.1
Africa (FAO),,2002,199899993.9
Africa (FAO),,2003,204300003.1
Africa (FAO),,2004,205500000
Africa (FAO),,2005,195000000
Africa (FAO),,2006,194600006.1
Africa (FAO),,2007,198300003.1
Africa (FAO),,2008,198300003.1
Africa (FAO),,2009,198800003.1
Africa (FAO),,2010,187399993.9
Africa (FAO),,2011,198100006.1
Africa (FAO),,2012,199100006.1
Africa (FAO),,2013,207000000
Africa (FAO),,2014,192500000
Africa (FAO),,2015,199699996.9
Africa (FAO),,2016,212000000
Africa (FAO),,2017,212300003.1
Africa (FAO),,2018,227100006.1
Africa (FAO),,2019,235300003.1
Africa (FAO),,2020,281600006.1
Albania,ALB,2001,200000.003
Albania,ALB,2002,200000.003
Albania,ALB,2003,200000.003
Albania,ALB,2004,300000.0119
Albania,ALB,2005,300000.0119
Albania,ALB,2006,300000.0119
Albania,ALB,2007,300000.0119
Albania,ALB,2008,200000.003
Albania,ALB,2009,200000.003
Albania,ALB,2010,100000.0015
Albania,ALB,2011,100000.0015
Albania,ALB,2012,100000.0015
Albania,ALB,2013,100000.0015
Albania,ALB,2014,100000.0015
Albania,ALB,2015,100000.0015
Albania,ALB,2016,100000.0015
Albania,ALB,2017,100000.0015
Albania,ALB,2018,100000.0015
Albania,ALB,2019,100000.0015
Algeria,DZA,2001,2500000
Algeria,DZA,2002,2299999.952
Algeria,DZA,2003,2299999.952
Algeria,DZA,2004,2299999.952
Algeria,DZA,2005,2200000.048
Algeria,DZA,2006,2200000.048
Algeria,DZA,2007,2000000
Algeria,DZA,2008,1899999.976
Algeria,DZA,2009,1899999.976
Algeria,DZA,2010,1600000.024
Algeria,DZA,2011,1500000
Algeria,DZA,2012,1200000.048
Algeria,DZA,2013,1200000.048
Algeria,DZA,2014,1100000.024
Algeria,DZA,2015,1100000.024
Algeria,DZA,2016,1100000.024
Algeria,DZA,2017,1100000.024
Americas (FAO),,2000,56400001.53
Americas (FAO),,2001,55700000.76
Americas (FAO),,2002,58299999.24
Americas (FAO),,2003,54200000.76
Americas (FAO),,2004,54200000.76
Americas (FAO),,2005,51799999.24
Americas (FAO),,2006,49000000
Americas (FAO),,2007,47400001.53
Americas (FAO),,2008,44799999.24
Americas (FAO),,2009,45500000
Americas (FAO),,2010,40700000.76
Americas (FAO),,2011,39200000.76
Americas (FAO),,2012,37200000.76
Americas (FAO),,2013,36200000.76
Americas (FAO),,2014,33200000.76
Americas (FAO),,2015,36299999.24
Americas (FAO),,2016,42799999.24
Americas (FAO),,2017,42099998.47
Americas (FAO),,2018,43500000
Americas (FAO),,2019,45799999.24
Americas (FAO),,2020,59500000
Angola,AGO,2001,11399999.62
Angola,AGO,2002,11100000.38
Angola,AGO,2003,10600000.38
Angola,AGO,2004,10300000.19
Angola,AGO,2005,10100000.38
Angola,AGO,2006,9899999.619
Angola,AGO,2007,9600000.381
Angola,AGO,2008,9300000.191
Angola,AGO,2009,7500000
Angola,AGO,2010,5699999.809
Angola,AGO,2011,4199999.809
Angola,AGO,2012,4099999.905
Angola,AGO,2013,3900000.095
Angola,AGO,2014,3799999.952
Angola,AGO,2015,4099999.905
Angola,AGO,2016,4400000.095
Angola,AGO,2017,4599999.905
Angola,AGO,2018,4800000.191
Angola,AGO,2019,5500000
Argentina,ARG,2001,1100000.024
Argentina,ARG,2002,1399999.976
Argentina,ARG,2003,1700000.048
Argentina,ARG,2004,1600000.024
Argentina,ARG,2005,1399999.976
Argentina,ARG,2006,1299999.952
Argentina,ARG,2007,1299999.952
Argentina,ARG,2008,1299999.952
Argentina,ARG,2009,1299999.952
Argentina,ARG,2010,1399999.976
Argentina,ARG,2011,1299999.952
Argentina,ARG,2012,1299999.952
Argentina,ARG,2013,1200000.048
Argentina,ARG,2016,1100000.024
Argentina,ARG,2017,1399999.976
Argentina,ARG,2018,1500000
Argentina,ARG,2019,1700000.048
Armenia,ARM,2001,800000.0119
Armenia,ARM,2002,699999.9881
Armenia,ARM,2003,600000.0238
Armenia,ARM,2004,500000
Armenia,ARM,2005,400000.006
Armenia,ARM,2006,300000.0119
Armenia,ARM,2007,200000.003
Armenia,ARM,2008,200000.003
Armenia,ARM,2009,100000.0015
Armenia,ARM,2010,100000.0015
Armenia,ARM,2011,100000.0015
Armenia,ARM,2012,100000.0015
Armenia,ARM,2013,50000.00075
Armenia,ARM,2014,50000.00075
Armenia,ARM,2015,50000.00075
Armenia,ARM,2016,50000.00075
Armenia,ARM,2017,50000.00075
Armenia,ARM,2018,50000.00075
Armenia,ARM,2019,100000.0015
Asia (FAO),,2000,526099975.6
Asia (FAO),,2001,549400024.4
Asia (FAO),,2002,568900024.4
Asia (FAO),,2003,563200012.2
Asia (FAO),,2004,565400024.4
Asia (FAO),,2005,553599975.6
Asia (FAO),,2006,511899993.9
Asia (FAO),,2007,456500000
Asia (FAO),,2008,433700012.2
Asia (FAO),,2009,431000000
Asia (FAO),,2010,400100006.1
Asia (FAO),,2011,390299987.8
Asia (FAO),,2012,392799987.8
Asia (FAO),,2013,379700012.2
Asia (FAO),,2014,372399993.9
Asia (FAO),,2015,369899993.9
Asia (FAO),,2016,356100006.1
Asia (FAO),,2017,352100006.1
Asia (FAO),,2018,354600006.1
Asia (FAO),,2019,361299987.8
Asia (FAO),,2020,418000000
Azerbaijan,AZE,2001,1399999.976
Azerbaijan,AZE,2002,1100000.024
Azerbaijan,AZE,2003,899999.9762
Azerbaijan,AZE,2004,600000.0238
Azerbaijan,AZE,2005,400000.006
Azerbaijan,AZE,2006,200000.003
Bangladesh,BGD,2001,20700000.76
Bangladesh,BGD,2002,20000000
Bangladesh,BGD,2003,20000000
Bangladesh,BGD,2004,19700000.76
Bangladesh,BGD,2005,19700000.76
Bangladesh,BGD,2006,19399999.62
Bangladesh,BGD,2007,19799999.24
Bangladesh,BGD,2008,19600000.38
Bangladesh,BGD,2009,21500000
Bangladesh,BGD,2010,22399999.62
Bangladesh,BGD,2011,23500000
Bangladesh,BGD,2012,23399999.62
Bangladesh,BGD,2013,23000000
Bangladesh,BGD,2014,21899999.62
Bangladesh,BGD,2015,21799999.24
Bangladesh,BGD,2016,21000000
Bangladesh,BGD,2017,20000000
Bangladesh,BGD,2018,17500000
Bangladesh,BGD,2019,15899999.62
Barbados,BRB,2001,50000.00075
Barbados,BRB,2002,50000.00075
Barbados,BRB,2003,50000.00075
Barbados,BRB,2004,50000.00075
Barbados,BRB,2005,50000.00075
Barbados,BRB,2006,50000.00075
Barbados,BRB,2007,50000.00075
Barbados,BRB,2008,50000.00075
Barbados,BRB,2009,50000.00075
Barbados,BRB,2010,50000.00075
Barbados,BRB,2011,50000.00075
Barbados,BRB,2012,50000.00075
Barbados,BRB,2013,50000.00075
Barbados,BRB,2014,50000.00075
Barbados,BRB,2015,50000.00075
Barbados,BRB,2016,50000.00075
Barbados,BRB,2017,50000.00075
Barbados,BRB,2018,50000.00075
Barbados,BRB,2019,50000.00075
Belarus,BLR,2002,300000.0119
Belarus,BLR,2003,300000.0119
Belarus,BLR,2004,300000.0119
Belize,BLZ,2001,50000.00075
Belize,BLZ,2002,50000.00075
Belize,BLZ,2003,50000.00075
Belize,BLZ,2004,50000.00075
Belize,BLZ,2005,50000.00075
Belize,BLZ,2006,50000.00075
Belize,BLZ,2007,50000.00075
Belize,BLZ,2008,50000.00075
Belize,BLZ,2009,50000.00075
Belize,BLZ,2010,50000.00075
Belize,BLZ,2011,50000.00075
Belize,BLZ,2012,50000.00075
Belize,BLZ,2013,50000.00075
Belize,BLZ,2014,50000.00075
Belize,BLZ,2015,50000.00075
Belize,BLZ,2016,50000.00075
Belize,BLZ,2017,50000.00075
Belize,BLZ,2018,50000.00075
Belize,BLZ,2019,50000.00075
Benin,BEN,2001,1200000.048
Benin,BEN,2002,1100000.024
Benin,BEN,2003,1000000
Benin,BEN,2004,1000000
Benin,BEN,2005,1000000
Benin,BEN,2006,899999.9762
Benin,BEN,2007,899999.9762
Benin,BEN,2008,800000.0119
Benin,BEN,2009,800000.0119
Benin,BEN,2010,800000.0119
Benin,BEN,2011,800000.0119
Benin,BEN,2012,800000.0119
Benin,BEN,2013,800000.0119
Benin,BEN,2014,800000.0119
Benin,BEN,2015,800000.0119
Benin,BEN,2016,800000.0119
Benin,BEN,2017,800000.0119
Benin,BEN,2018,800000.0119
Benin,BEN,2019,899999.9762
Bolivia,BOL,2001,2400000.095
Bolivia,BOL,2002,2400000.095
Bolivia,BOL,2003,2500000
Bolivia,BOL,2004,2500000
Bolivia,BOL,2005,2500000
Bolivia,BOL,2006,2299999.952
Bolivia,BOL,2007,2299999.952
Bolivia,BOL,2008,2400000.095
Bolivia,BOL,2009,2299999.952
Bolivia,BOL,2010,2000000
Bolivia,BOL,2011,1799999.952
Bolivia,BOL,2012,1700000.048
Bolivia,BOL,2013,1700000.048
Bolivia,BOL,2014,1700000.048
Bolivia,BOL,2015,1600000.024
Bolivia,BOL,2016,1399999.976
Bolivia,BOL,2017,1399999.976
Bolivia,BOL,2018,1399999.976
Bolivia,BOL,2019,1500000
Bosnia and Herzegovina,BIH,2001,100000.0015
Bosnia and Herzegovina,BIH,2002,100000.0015
Bosnia and Herzegovina,BIH,2003,50000.00075
Botswana,BWA,2001,400000.006
Botswana,BWA,2002,400000.006
Botswana,BWA,2003,400000.006
Botswana,BWA,2004,400000.006
Botswana,BWA,2005,500000
Botswana,BWA,2006,500000
Botswana,BWA,2007,600000.0238
Botswana,BWA,2008,600000.0238
Botswana,BWA,2009,600000.0238
Botswana,BWA,2010,600000.0238
Botswana,BWA,2011,600000.0238
Botswana,BWA,2012,600000.0238
Botswana,BWA,2013,600000.0238
Botswana,BWA,2014,600000.0238
Botswana,BWA,2015,600000.0238
Botswana,BWA,2016,600000.0238
Botswana,BWA,2017,600000.0238
Botswana,BWA,2018,699999.9881
Botswana,BWA,2019,699999.9881
Brazil,BRA,2001,18899999.62
Brazil,BRA,2002,16600000.38
Brazil,BRA,2003,14399999.62
Brazil,BRA,2004,12600000.38
Brazil,BRA,2005,12100000.38
Brazil,BRA,2006,11600000.38
Brazil,BRA,2007,10600000.38
Brazil,BRA,2008,9800000.191
Brazil,BRA,2009,8600000.381
Brazil,BRA,2010,7599999.905
Brazil,BRA,2011,6699999.809
Brazil,BRA,2012,6099999.905
Brazil,BRA,2013,5599999.905
Brazil,BRA,2014,5199999.809
Brunei,BRN,2001,50000.00075
Bulgaria,BGR,2001,300000.0119
Bulgaria,BGR,2002,300000.0119
Bulgaria,BGR,2003,400000.006
Bulgaria,BGR,2004,400000.006
Bulgaria,BGR,2005,400000.006
Bulgaria,BGR,2006,400000.006
Bulgaria,BGR,2007,400000.006
Bulgaria,BGR,2008,300000.0119
Bulgaria,BGR,2009,300000.0119
Bulgaria,BGR,2010,300000.0119
Bulgaria,BGR,2011,300000.0119
Bulgaria,BGR,2012,300000.0119
Bulgaria,BGR,2013,300000.0119
Bulgaria,BGR,2014,200000.003
Bulgaria,BGR,2015,200000.003
Bulgaria,BGR,2016,300000.0119
Bulgaria,BGR,2017,200000.003
Bulgaria,BGR,2018,200000.003
Bulgaria,BGR,2019,200000.003
Burkina Faso,BFA,2001,2700000.048
Burkina Faso,BFA,2002,2500000
Burkina Faso,BFA,2003,2400000.095
Burkina Faso,BFA,2004,2400000.095
Burkina Faso,BFA,2005,2400000.095
Burkina Faso,BFA,2006,2400000.095
Burkina Faso,BFA,2007,2299999.952
Burkina Faso,BFA,2008,2299999.952
Burkina Faso,BFA,2009,2200000.048
Burkina Faso,BFA,2010,2099999.905
Burkina Faso,BFA,2011,2099999.905
Burkina Faso,BFA,2012,2099999.905
Burkina Faso,BFA,2013,2099999.905
Burkina Faso,BFA,2014,2099999.905
Burkina Faso,BFA,2015,2200000.048
Burkina Faso,BFA,2016,2299999.952
Burkina Faso,BFA,2017,2400000.095
Burkina Faso,BFA,2018,2500000
Burkina Faso,BFA,2019,2900000.095
Cambodia,KHM,2001,2900000.095
Cambodia,KHM,2002,2700000.048
Cambodia,KHM,2003,2500000
Cambodia,KHM,2004,2400000.095
Cambodia,KHM,2005,2299999.952
Cambodia,KHM,2006,2099999.905
Cambodia,KHM,2007,2000000
Cambodia,KHM,2008,2000000
Cambodia,KHM,2009,2000000
Cambodia,KHM,2010,1899999.976
Cambodia,KHM,2011,1799999.952
Cambodia,KHM,2012,1799999.952
Cambodia,KHM,2013,1600000.024
Cambodia,KHM,2014,1500000
Cambodia,KHM,2015,1399999.976
Cambodia,KHM,2016,1299999.952
Cambodia,KHM,2017,1200000.048
Cambodia,KHM,2018,1100000.024
Cambodia,KHM,2019,1000000
Cameroon,CMR,2001,3599999.905
Cameroon,CMR,2002,3400000.095
Cameroon,CMR,2003,3200000.048
Cameroon,CMR,2004,3000000
Cameroon,CMR,2005,2799999.952
Cameroon,CMR,2006,2599999.905
Cameroon,CMR,2007,2400000.095
Cameroon,CMR,2008,2200000.048
Cameroon,CMR,2009,1799999.952
Cameroon,CMR,2010,1500000
Cameroon,CMR,2011,1299999.952
Cameroon,CMR,2012,1299999.952
Cameroon,CMR,2013,1200000.048
Cameroon,CMR,2014,1200000.048
Cameroon,CMR,2015,1299999.952
Cameroon,CMR,2016,1299999.952
Cameroon,CMR,2017,1399999.976
Cameroon,CMR,2018,1399999.976
Cameroon,CMR,2019,1399999.976
Cape Verde,CPV,2001,50000.00075
Cape Verde,CPV,2002,50000.00075
Cape Verde,CPV,2003,50000.00075
Cape Verde,CPV,2004,50000.00075
Cape Verde,CPV,2005,50000.00075
Cape Verde,CPV,2006,50000.00075
Cape Verde,CPV,2007,50000.00075
Cape Verde,CPV,2008,50000.00075
Cape Verde,CPV,2009,50000.00075
Cape Verde,CPV,2010,50000.00075
Cape Verde,CPV,2011,50000.00075
Cape Verde,CPV,2012,50000.00075
Cape Verde,CPV,2013,50000.00075
Cape Verde,CPV,2014,50000.00075
Cape Verde,CPV,2015,50000.00075
Cape Verde,CPV,2016,50000.00075
Cape Verde,CPV,2017,50000.00075
Cape Verde,CPV,2018,50000.00075
Cape Verde,CPV,2019,50000.00075
Caribbean (FAO),,2000,7199999.809
Caribbean (FAO),,2001,7300000.191
Caribbean (FAO),,2002,7300000.191
Caribbean (FAO),,2003,8300000.191
Caribbean (FAO),,2004,7900000.095
Caribbean (FAO),,2005,7599999.905
Caribbean (FAO),,2006,7400000.095
Caribbean (FAO),,2007,7300000.191
Caribbean (FAO),,2008,7599999.905
Caribbean (FAO),,2009,7300000.191
Caribbean (FAO),,2010,6500000
Caribbean (FAO),,2011,6599999.905
Caribbean (FAO),,2012,6699999.809
Caribbean (FAO),,2013,6699999.809
Caribbean (FAO),,2014,6400000.095
Caribbean (FAO),,2015,6500000
Caribbean (FAO),,2016,6599999.905
Caribbean (FAO),,2017,6599999.905
Caribbean (FAO),,2018,6900000.095
Caribbean (FAO),,2019,6800000.191
Caribbean (FAO),,2020,7000000
Central African Republic,CAF,2001,1500000
Central African Republic,CAF,2002,1500000
Central African Republic,CAF,2003,1600000.024
Central African Republic,CAF,2004,1600000.024
Central African Republic,CAF,2005,1600000.024
Central African Republic,CAF,2006,1600000.024
Central African Republic,CAF,2007,1500000
Central African Republic,CAF,2008,1399999.976
Central African Republic,CAF,2009,1299999.952
Central African Republic,CAF,2010,1299999.952
Central African Republic,CAF,2011,1200000.048
Central African Republic,CAF,2012,1500000
Central African Republic,CAF,2013,1799999.952
Central African Republic,CAF,2014,2200000.048
Central African Republic,CAF,2015,2200000.048
Central African Republic,CAF,2016,2200000.048
Central African Republic,CAF,2017,2099999.905
Central African Republic,CAF,2018,2200000.048
Central African Republic,CAF,2019,2299999.952
Central America (FAO),,2000,10800000.19
Central America (FAO),,2001,10000000
Central America (FAO),,2002,9899999.619
Central America (FAO),,2003,10800000.19
Central America (FAO),,2004,12199999.81
Central America (FAO),,2005,11699999.81
Central America (FAO),,2006,10800000.19
Central America (FAO),,2007,10699999.81
Central America (FAO),,2008,12000000
Central America (FAO),,2009,12100000.38
Central America (FAO),,2010,11699999.81
Central America (FAO),,2011,11800000.19
Central America (FAO),,2012,11500000
Central America (FAO),,2013,11600000.38
Central America (FAO),,2014,11199999.81
Central America (FAO),,2015,12699999.81
Central America (FAO),,2016,13899999.62
Central America (FAO),,2017,13699999.81
Central America (FAO),,2018,14000000
Central America (FAO),,2019,14399999.62
Central America (FAO),,2020,19000000
Central Asia (FAO),,2000,6599999.905
Central Asia (FAO),,2001,7699999.809
Central Asia (FAO),,2002,8100000.381
Central Asia (FAO),,2003,7199999.809
Central Asia (FAO),,2004,6900000.095
Central Asia (FAO),,2005,6199999.809
Central Asia (FAO),,2006,5699999.809
Central Asia (FAO),,2007,5199999.809
Central Asia (FAO),,2008,5199999.809
Central Asia (FAO),,2009,5099999.905
Central Asia (FAO),,2010,2700000.048
Central Asia (FAO),,2011,2400000.095
Central Asia (FAO),,2012,2299999.952
Central Asia (FAO),,2013,2200000.048
Central Asia (FAO),,2014,2000000
Central Asia (FAO),,2015,2000000
Central Asia (FAO),,2016,2200000.048
Central Asia (FAO),,2017,2200000.048
Central Asia (FAO),,2018,2200000.048
Central Asia (FAO),,2019,2200000.048
Central Asia (FAO),,2020,2599999.905
Chad,TCD,2001,3400000.095
Chad,TCD,2002,3400000.095
Chad,TCD,2003,3599999.905
Chad,TCD,2004,3599999.905
Chad,TCD,2005,3799999.952
Chad,TCD,2006,4000000
Chad,TCD,2007,4199999.809
Chad,TCD,2008,4500000
Chad,TCD,2009,4400000.095
Chad,TCD,2010,4300000.191
Chad,TCD,2011,4199999.809
Chad,TCD,2012,4300000.191
Chad,TCD,2013,4099999.905
Chad,TCD,2014,4099999.905
Chad,TCD,2015,3900000.095
Chad,TCD,2016,4199999.809
Chad,TCD,2017,4400000.095
Chad,TCD,2018,4699999.809
Chad,TCD,2019,5099999.905
Chile,CHL,2001,500000
Chile,CHL,2002,500000
Chile,CHL,2003,500000
Chile,CHL,2004,500000
Chile,CHL,2005,500000
Chile,CHL,2006,500000
Chile,CHL,2007,500000
Chile,CHL,2008,600000.0238
Chile,CHL,2009,600000.0238
Chile,CHL,2010,600000.0238
Chile,CHL,2011,600000.0238
Chile,CHL,2012,600000.0238
Chile,CHL,2013,500000
Chile,CHL,2014,500000
Chile,CHL,2015,500000
Chile,CHL,2016,600000.0238
Chile,CHL,2017,600000.0238
Chile,CHL,2018,600000.0238
Chile,CHL,2019,600000.0238
China,CHN,2001,132500000
China,CHN,2002,125000000
China,CHN,2003,116300003.1
China,CHN,2004,106500000
China,CHN,2005,95400001.53
China,CHN,2006,83199996.95
China,CHN,2007,69099998.47
China,CHN,2008,54900001.53
China,CHN,2009,39599998.47
Colombia,COL,2001,3500000
Colombia,COL,2002,3700000.048
Colombia,COL,2003,4099999.905
Colombia,COL,2004,4400000.095
Colombia,COL,2005,4800000.191
Colombia,COL,2006,4900000.095
Colombia,COL,2007,4800000.191
Colombia,COL,2008,5000000
Colombia,COL,2009,5400000.095
Colombia,COL,2010,5900000.095
Colombia,COL,2011,5500000
Colombia,COL,2012,4599999.905
Colombia,COL,2013,3799999.952
Colombia,COL,2014,3400000.095
Colombia,COL,2015,3099999.905
Colombia,COL,2016,3299999.952
Colombia,COL,2017,3500000
Colombia,COL,2018,3900000.095
Colombia,COL,2019,4400000.095
Congo,COG,2001,899999.9762
Congo,COG,2002,899999.9762
Congo,COG,2003,899999.9762
Congo,COG,2004,1100000.024
Congo,COG,2005,1200000.048
Congo,COG,2006,1399999.976
Congo,COG,2007,1399999.976
Congo,COG,2008,1399999.976
Congo,COG,2009,1500000
Congo,COG,2010,1600000.024
Congo,COG,2011,1600000.024
Congo,COG,2012,1500000
Congo,COG,2013,1399999.976
Congo,COG,2014,1500000
Congo,COG,2015,1700000.048
Congo,COG,2016,1700000.048
Congo,COG,2017,1799999.952
Congo,COG,2018,1899999.976
Congo,COG,2019,2000000
Costa Rica,CRI,2001,200000.003
Costa Rica,CRI,2002,200000.003
Costa Rica,CRI,2003,200000.003
Costa Rica,CRI,2004,200000.003
Costa Rica,CRI,2005,200000.003
Costa Rica,CRI,2006,200000.003
Costa Rica,CRI,2007,200000.003
Costa Rica,CRI,2008,200000.003
Costa Rica,CRI,2009,200000.003
Costa Rica,CRI,2010,200000.003
Costa Rica,CRI,2011,200000.003
Costa Rica,CRI,2012,200000.003
Costa Rica,CRI,2013,200000.003
Costa Rica,CRI,2014,200000.003
Costa Rica,CRI,2015,200000.003
Costa Rica,CRI,2016,200000.003
Costa Rica,CRI,2017,200000.003
Costa Rica,CRI,2018,100000.0015
Costa Rica,CRI,2019,200000.003
Cote d'Ivoire,CIV,2001,3400000.095
Cote d'Ivoire,CIV,2002,3700000.048
Cote d'Ivoire,CIV,2003,3700000.048
Cote d'Ivoire,CIV,2004,3700000.048
Cote d'Ivoire,CIV,2005,3700000.048
Cote d'Ivoire,CIV,2006,3799999.952
Cote d'Ivoire,CIV,2007,4099999.905
Cote d'Ivoire,CIV,2008,4300000.191
Cote d'Ivoire,CIV,2009,4500000
Cote d'Ivoire,CIV,2010,4599999.905
Cote d'Ivoire,CIV,2011,4599999.905
Cote d'Ivoire,CIV,2012,4699999.809
Cote d'Ivoire,CIV,2013,4500000
Cote d'Ivoire,CIV,2014,4199999.809
Cote d'Ivoire,CIV,2015,3799999.952
Cote d'Ivoire,CIV,2016,3700000.048
Cote d'Ivoire,CIV,2017,3700000.048
Cote d'Ivoire,CIV,2018,3700000.048
Cote d'Ivoire,CIV,2019,3799999.952
Croatia,HRV,2001,300000.0119
Croatia,HRV,2002,200000.003
Croatia,HRV,2003,200000.003
Croatia,HRV,2004,100000.0015
Cyprus,CYP,2001,50000.00075
Cyprus,CYP,2002,50000.00075
Cyprus,CYP,2003,50000.00075
Cyprus,CYP,2004,50000.00075
Cyprus,CYP,2005,50000.00075
Cyprus,CYP,2006,50000.00075
Cyprus,CYP,2007,50000.00075
Cyprus,CYP,2008,50000.00075
Cyprus,CYP,2009,50000.00075
Cyprus,CYP,2010,50000.00075
Cyprus,CYP,2011,50000.00075
Cyprus,CYP,2012,50000.00075
Cyprus,CYP,2013,50000.00075
Cyprus,CYP,2014,50000.00075
Democratic Republic of Congo,COD,2001,18500000
Democratic Republic of Congo,COD,2002,19100000.38
Democratic Republic of Congo,COD,2003,19700000.76
Democratic Republic of Congo,COD,2004,20299999.24
Democratic Republic of Congo,COD,2005,21100000.38
Democratic Republic of Congo,COD,2006,21799999.24
Democratic Republic of Congo,COD,2007,22600000.38
Democratic Republic of Congo,COD,2008,23399999.62
Democratic Republic of Congo,COD,2009,24200000.76
Democratic Republic of Congo,COD,2010,25100000.38
Democratic Republic of Congo,COD,2011,26700000.76
Democratic Republic of Congo,COD,2012,28600000.38
Democratic Republic of Congo,COD,2013,29600000.38
Democratic Republic of Congo,COD,2014,30000000
Democratic Republic of Congo,COD,2015,30600000.38
Democratic Republic of Congo,COD,2016,31500000
Democratic Republic of Congo,COD,2017,32700000.76
Democratic Republic of Congo,COD,2018,34000000
Democratic Republic of Congo,COD,2019,36200000.76
Developing regions (FAO),,2000,783200012.2
Developing regions (FAO),,2001,803400024.4
Developing regions (FAO),,2002,826599975.6
Developing regions (FAO),,2003,821299987.8
Developing regions (FAO),,2004,824700012.2
Developing regions (FAO),,2005,800099975.6
Developing regions (FAO),,2006,754400024.4
Developing regions (FAO),,2007,701799987.8
Developing regions (FAO),,2008,675500000
Developing regions (FAO),,2009,673099975.6
Developing regions (FAO),,2010,625799987.8
Developing regions (FAO),,2011,625700012.2
Developing regions (FAO),,2012,627799987.8
Developing regions (FAO),,2013,621500000
Developing regions (FAO),,2014,597299987.8
Developing regions (FAO),,2015,604900024.4
Developing regions (FAO),,2016,610000000
Developing regions (FAO),,2017,605900024.4
Developing regions (FAO),,2018,624400024.4
Developing regions (FAO),,2019,641900024.4
Developing regions (FAO),,2020,758599975.6
Djibouti,DJI,2001,300000.0119
Djibouti,DJI,2002,300000.0119
Djibouti,DJI,2003,300000.0119
Djibouti,DJI,2004,300000.0119
Djibouti,DJI,2005,200000.003
Djibouti,DJI,2006,200000.003
Djibouti,DJI,2007,200000.003
Djibouti,DJI,2008,200000.003
Djibouti,DJI,2009,200000.003
Djibouti,DJI,2010,200000.003
Djibouti,DJI,2011,200000.003
Djibouti,DJI,2012,200000.003
Djibouti,DJI,2013,200000.003
Djibouti,DJI,2014,200000.003
Djibouti,DJI,2015,200000.003
Djibouti,DJI,2016,200000.003
Djibouti,DJI,2017,200000.003
Djibouti,DJI,2018,200000.003
Djibouti,DJI,2019,200000.003
Dominica,DMA,2001,50000.00075
Dominica,DMA,2002,50000.00075
Dominica,DMA,2003,50000.00075
Dominica,DMA,2004,50000.00075
Dominica,DMA,2005,50000.00075
Dominica,DMA,2006,50000.00075
Dominica,DMA,2007,50000.00075
Dominica,DMA,2008,50000.00075
Dominica,DMA,2009,50000.00075
Dominica,DMA,2010,50000.00075
Dominica,DMA,2011,50000.00075
Dominica,DMA,2012,50000.00075
Dominica,DMA,2013,50000.00075
Dominica,DMA,2014,50000.00075
Dominica,DMA,2015,50000.00075
Dominica,DMA,2016,50000.00075
Dominica,DMA,2017,50000.00075
Dominica,DMA,2018,50000.00075
Dominica,DMA,2019,50000.00075
Dominican Republic,DOM,2001,1799999.952
Dominican Republic,DOM,2002,2000000
Dominican Republic,DOM,2003,2099999.905
Dominican Republic,DOM,2004,2099999.905
Dominican Republic,DOM,2005,1700000.048
Dominican Republic,DOM,2006,1500000
Dominican Republic,DOM,2007,1500000
Dominican Republic,DOM,2008,1500000
Dominican Republic,DOM,2009,1399999.976
Dominican Republic,DOM,2010,1200000.048
Dominican Republic,DOM,2011,1000000
Dominican Republic,DOM,2012,1000000
Dominican Republic,DOM,2013,899999.9762
Dominican Republic,DOM,2014,800000.0119
Dominican Republic,DOM,2015,800000.0119
Dominican Republic,DOM,2016,699999.9881
Dominican Republic,DOM,2017,699999.9881
Dominican Republic,DOM,2018,699999.9881
Dominican Republic,DOM,2019,899999.9762
Eastern Africa (FAO),,2000,102699996.9
Eastern Africa (FAO),,2001,101400001.5
Eastern Africa (FAO),,2002,102699996.9
Eastern Africa (FAO),,2003,106500000
Eastern Africa (FAO),,2004,107000000
Eastern Africa (FAO),,2005,97300003.05
Eastern Africa (FAO),,2006,98699996.95
Eastern Africa (FAO),,2007,101800003.1
Eastern Africa (FAO),,2008,101900001.5
Eastern Africa (FAO),,2009,100300003.1
Eastern Africa (FAO),,2010,96300003.05
Eastern Africa (FAO),,2011,103099998.5
Eastern Africa (FAO),,2012,101800003.1
Eastern Africa (FAO),,2013,102699996.9
Eastern Africa (FAO),,2014,93599998.47
Eastern Africa (FAO),,2015,96500000
Eastern Africa (FAO),,2016,102500000
Eastern Africa (FAO),,2017,102300003.1
Eastern Africa (FAO),,2018,109599998.5
Eastern Africa (FAO),,2019,111300003.1
Eastern Africa (FAO),,2020,125099998.5
Eastern Asia (FAO),,2000,152300003.1
Eastern Asia (FAO),,2001,145199996.9
Eastern Asia (FAO),,2002,134800003.1
Eastern Asia (FAO),,2003,130399993.9
Eastern Asia (FAO),,2004,117800003.1
Eastern Asia (FAO),,2005,106000000
Eastern Asia (FAO),,2006,98400001.53
Eastern Asia (FAO),,2007,82800003.05
Eastern Asia (FAO),,2008,66000000
Eastern Asia (FAO),,2009,57799999.24
Eastern Asia and South-eastern Asia (FAO),,2000,260299987.8
Eastern Asia and South-eastern Asia (FAO),,2001,254100006.1
Eastern Asia and South-eastern Asia (FAO),,2002,237800003.1
Eastern Asia and South-eastern Asia (FAO),,2003,230399993.9
Eastern Asia and South-eastern Asia (FAO),,2004,214699996.9
Eastern Asia and South-eastern Asia (FAO),,2005,203000000
Eastern Asia and South-eastern Asia (FAO),,2006,191800003.1
Eastern Asia and South-eastern Asia (FAO),,2007,170600006.1
Eastern Asia and South-eastern Asia (FAO),,2008,150800003.1
Eastern Asia and South-eastern Asia (FAO),,2009,138100006.1
Eastern Asia and South-eastern Asia (FAO),,2010,108400001.5
Eastern Asia and South-eastern Asia (FAO),,2011,97400001.53
Eastern Asia and South-eastern Asia (FAO),,2012,88900001.53
Eastern Asia and South-eastern Asia (FAO),,2013,87800003.05
Eastern Asia and South-eastern Asia (FAO),,2014,77400001.53
Eastern Asia and South-eastern Asia (FAO),,2015,74099998.47
Eastern Asia and South-eastern Asia (FAO),,2016,70699996.95
Eastern Asia and South-eastern Asia (FAO),,2017,67400001.53
Eastern Asia and South-eastern Asia (FAO),,2018,65800003.05
Eastern Asia and South-eastern Asia (FAO),,2019,64099998.47
Eastern Asia and South-eastern Asia (FAO),,2020,67500000
Eastern Europe (FAO),,2000,11199999.81
Eastern Europe (FAO),,2001,8899999.619
Ecuador,ECU,2001,2700000.048
Ecuador,ECU,2002,3000000
Ecuador,ECU,2003,3000000
Ecuador,ECU,2004,3099999.905
Ecuador,ECU,2005,3099999.905
Ecuador,ECU,2006,3200000.048
Ecuador,ECU,2007,3200000.048
Ecuador,ECU,2008,3099999.905
Ecuador,ECU,2009,2400000.095
Ecuador,ECU,2010,1799999.952
Ecuador,ECU,2011,1299999.952
Ecuador,ECU,2012,1399999.976
Ecuador,ECU,2013,1399999.976
Ecuador,ECU,2014,1399999.976
Ecuador,ECU,2015,1500000
Ecuador,ECU,2016,1600000.024
Ecuador,ECU,2017,1799999.952
Ecuador,ECU,2018,1899999.976
Ecuador,ECU,2019,2200000.048
Egypt,EGY,2001,3700000.048
Egypt,EGY,2002,3900000.095
Egypt,EGY,2003,4400000.095
Egypt,EGY,2004,4699999.809
Egypt,EGY,2005,4900000.095
Egypt,EGY,2006,4599999.905
Egypt,EGY,2007,4500000
Egypt,EGY,2008,4500000
Egypt,EGY,2009,4400000.095
Egypt,EGY,2010,4400000.095
Egypt,EGY,2011,4300000.191
Egypt,EGY,2012,4500000
Egypt,EGY,2013,4300000.191
Egypt,EGY,2014,4199999.809
Egypt,EGY,2015,4099999.905
Egypt,EGY,2016,4300000.191
Egypt,EGY,2017,4699999.809
Egypt,EGY,2018,5000000
Egypt,EGY,2019,5400000.095
El Salvador,SLV,2001,400000.006
El Salvador,SLV,2002,400000.006
El Salvador,SLV,2003,500000
El Salvador,SLV,2004,500000
El Salvador,SLV,2005,600000.0238
El Salvador,SLV,2006,600000.0238
El Salvador,SLV,2007,600000.0238
El Salvador,SLV,2008,600000.0238
El Salvador,SLV,2009,600000.0238
El Salvador,SLV,2010,699999.9881
El Salvador,SLV,2011,699999.9881
El Salvador,SLV,2012,699999.9881
El Salvador,SLV,2013,699999.9881
El Salvador,SLV,2014,699999.9881
El Salvador,SLV,2015,699999.9881
El Salvador,SLV,2016,600000.0238
El Salvador,SLV,2017,600000.0238
El Salvador,SLV,2018,600000.0238
El Salvador,SLV,2019,500000
Estonia,EST,2001,50000.00075
Estonia,EST,2002,50000.00075
Estonia,EST,2003,50000.00075
Estonia,EST,2004,50000.00075
Eswatini,SWZ,2001,100000.0015
Eswatini,SWZ,2002,50000.00075
Eswatini,SWZ,2003,50000.00075
Eswatini,SWZ,2004,50000.00075
Eswatini,SWZ,2005,50000.00075
Eswatini,SWZ,2006,100000.0015
Eswatini,SWZ,2007,100000.0015
Eswatini,SWZ,2008,100000.0015
Eswatini,SWZ,2009,200000.003
Eswatini,SWZ,2010,200000.003
Eswatini,SWZ,2011,200000.003
Eswatini,SWZ,2012,200000.003
Eswatini,SWZ,2013,200000.003
Eswatini,SWZ,2014,100000.0015
Eswatini,SWZ,2015,100000.0015
Eswatini,SWZ,2016,100000.0015
Eswatini,SWZ,2017,100000.0015
Eswatini,SWZ,2018,100000.0015
Eswatini,SWZ,2019,100000.0015
Ethiopia,ETH,2001,32000000
Ethiopia,ETH,2002,31000000
Ethiopia,ETH,2003,30700000.76
Ethiopia,ETH,2004,29000000
Ethiopia,ETH,2005,28299999.24
Ethiopia,ETH,2006,27899999.62
Ethiopia,ETH,2007,28299999.24
Ethiopia,ETH,2008,27799999.24
Ethiopia,ETH,2009,25299999.24
Ethiopia,ETH,2010,24200000.76
Ethiopia,ETH,2011,23500000
Ethiopia,ETH,2012,23399999.62
Ethiopia,ETH,2013,20799999.24
Ethiopia,ETH,2014,17399999.62
Ethiopia,ETH,2015,14899999.62
Ethiopia,ETH,2016,14300000.19
Ethiopia,ETH,2017,14899999.62
Ethiopia,ETH,2018,15699999.81
Ethiopia,ETH,2019,18200000.76
Fiji,FJI,2001,50000.00075
Fiji,FJI,2002,50000.00075
Fiji,FJI,2003,50000.00075
Fiji,FJI,2004,50000.00075
Fiji,FJI,2005,50000.00075
Fiji,FJI,2006,50000.00075
Fiji,FJI,2007,50000.00075
Fiji,FJI,2008,50000.00075
Fiji,FJI,2009,50000.00075
Fiji,FJI,2010,50000.00075
Fiji,FJI,2011,50000.00075
Fiji,FJI,2012,50000.00075
Fiji,FJI,2013,50000.00075
Fiji,FJI,2014,50000.00075
Fiji,FJI,2015,50000.00075
Fiji,FJI,2016,50000.00075
Fiji,FJI,2017,50000.00075
Fiji,FJI,2018,50000.00075
Fiji,FJI,2019,50000.00075
French Polynesia,PYF,2001,50000.00075
French Polynesia,PYF,2002,50000.00075
French Polynesia,PYF,2003,50000.00075
French Polynesia,PYF,2004,50000.00075
French Polynesia,PYF,2005,50000.00075
French Polynesia,PYF,2006,50000.00075
French Polynesia,PYF,2007,50000.00075
French Polynesia,PYF,2008,50000.00075
French Polynesia,PYF,2009,50000.00075
French Polynesia,PYF,2010,50000.00075
French Polynesia,PYF,2011,50000.00075
French Polynesia,PYF,2012,50000.00075
French Polynesia,PYF,2013,50000.00075
French Polynesia,PYF,2014,50000.00075
French Polynesia,PYF,2015,50000.00075
French Polynesia,PYF,2016,50000.00075
French Polynesia,PYF,2017,50000.00075
French Polynesia,PYF,2018,50000.00075
French Polynesia,PYF,2019,50000.00075
Gabon,GAB,2001,100000.0015
Gabon,GAB,2002,200000.003
Gabon,GAB,2003,200000.003
Gabon,GAB,2004,200000.003
Gabon,GAB,2005,200000.003
Gabon,GAB,2006,200000.003
Gabon,GAB,2007,200000.003
Gabon,GAB,2008,300000.0119
Gabon,GAB,2009,300000.0119
Gabon,GAB,2010,300000.0119
Gabon,GAB,2011,300000.0119
Gabon,GAB,2012,300000.0119
Gabon,GAB,2013,300000.0119
Gabon,GAB,2014,300000.0119
Gabon,GAB,2015,300000.0119
Gabon,GAB,2016,300000.0119
Gabon,GAB,2017,300000.0119
Gabon,GAB,2018,300000.0119
Gabon,GAB,2019,300000.0119
Gambia,GMB,2001,200000.003
Gambia,GMB,2002,300000.0119
Gambia,GMB,2003,300000.0119
Gambia,GMB,2004,300000.0119
Gambia,GMB,2005,300000.0119
Gambia,GMB,2006,300000.0119
Gambia,GMB,2007,300000.0119
Gambia,GMB,2008,300000.0119
Gambia,GMB,2009,200000.003
Gambia,GMB,2010,200000.003
Gambia,GMB,2011,200000.003
Gambia,GMB,2012,200000.003
Gambia,GMB,2013,200000.003
Gambia,GMB,2014,200000.003
Gambia,GMB,2015,200000.003
Gambia,GMB,2016,300000.0119
Gambia,GMB,2017,300000.0119
Gambia,GMB,2018,300000.0119
Gambia,GMB,2019,300000.0119
Georgia,GEO,2001,300000.0119
Georgia,GEO,2002,300000.0119
Georgia,GEO,2003,200000.003
Georgia,GEO,2004,200000.003
Georgia,GEO,2005,200000.003
Georgia,GEO,2006,200000.003
Georgia,GEO,2007,200000.003
Georgia,GEO,2008,100000.0015
Georgia,GEO,2009,200000.003
Georgia,GEO,2010,200000.003
Georgia,GEO,2011,200000.003
Georgia,GEO,2012,200000.003
Georgia,GEO,2013,200000.003
Georgia,GEO,2014,300000.0119
Georgia,GEO,2015,300000.0119
Georgia,GEO,2016,300000.0119
Georgia,GEO,2017,300000.0119
Georgia,GEO,2018,300000.0119
Georgia,GEO,2019,300000.0119
Ghana,GHA,2001,2900000.095
Ghana,GHA,2002,2700000.048
Ghana,GHA,2003,2599999.905
Ghana,GHA,2004,2599999.905
Ghana,GHA,2005,2500000
Ghana,GHA,2006,2400000.095
Ghana,GHA,2007,2099999.905
Ghana,GHA,2008,1899999.976
Ghana,GHA,2009,1600000.024
Ghana,GHA,2010,1600000.024
Ghana,GHA,2011,1700000.048
Ghana,GHA,2012,1899999.976
Ghana,GHA,2013,1899999.976
Ghana,GHA,2014,2000000
Ghana,GHA,2015,2099999.905
Ghana,GHA,2016,2200000.048
Ghana,GHA,2017,2099999.905
Ghana,GHA,2018,1899999.976
Ghana,GHA,2019,1799999.952
Guatemala,GTM,2001,2599999.905
Guatemala,GTM,2002,2400000.095
Guatemala,GTM,2003,2400000.095
Guatemala,GTM,2004,2400000.095
Guatemala,GTM,2005,2500000
Guatemala,GTM,2006,2400000.095
Guatemala,GTM,2007,2500000
Guatemala,GTM,2008,2500000
Guatemala,GTM,2009,2500000
Guatemala,GTM,2010,2400000.095
Guatemala,GTM,2011,2500000
Guatemala,GTM,2012,2599999.905
Guatemala,GTM,2013,2700000.048
Guatemala,GTM,2014,2799999.952
Guatemala,GTM,2015,2799999.952
Guatemala,GTM,2016,2700000.048
Guatemala,GTM,2017,2799999.952
Guatemala,GTM,2018,2799999.952
Guatemala,GTM,2019,2900000.095
Guyana,GUY,2001,50000.00075
Guyana,GUY,2002,50000.00075
Guyana,GUY,2003,50000.00075
Guyana,GUY,2004,50000.00075
Guyana,GUY,2005,50000.00075
Guyana,GUY,2006,50000.00075
Guyana,GUY,2007,50000.00075
Guyana,GUY,2008,50000.00075
Guyana,GUY,2009,50000.00075
Guyana,GUY,2010,50000.00075
Guyana,GUY,2011,50000.00075
Guyana,GUY,2012,50000.00075
Guyana,GUY,2013,50000.00075
Guyana,GUY,2014,50000.00075
Guyana,GUY,2015,50000.00075
Guyana,GUY,2016,50000.00075
Guyana,GUY,2017,50000.00075
Guyana,GUY,2018,50000.00075
Guyana,GUY,2019,50000.00075
Haiti,HTI,2001,4599999.905
Haiti,HTI,2002,4800000.191
Haiti,HTI,2003,4900000.095
Haiti,HTI,2004,5000000
Haiti,HTI,2005,5099999.905
Haiti,HTI,2006,5099999.905
Haiti,HTI,2007,5000000
Haiti,HTI,2008,5000000
Haiti,HTI,2009,4800000.191
Haiti,HTI,2010,4699999.809
Haiti,HTI,2011,4699999.809
Haiti,HTI,2012,4900000.095
Haiti,HTI,2013,4900000.095
Haiti,HTI,2014,4900000.095
Haiti,HTI,2015,4900000.095
Haiti,HTI,2016,5099999.905
Haiti,HTI,2017,5300000.191
Haiti,HTI,2018,5300000.191
Haiti,HTI,2019,5300000.191
Honduras,HND,2001,1500000
Honduras,HND,2002,1500000
Honduras,HND,2003,1500000
Honduras,HND,2004,1600000.024
Honduras,HND,2005,1700000.048
Honduras,HND,2006,1700000.048
Honduras,HND,2007,1600000.024
Honduras,HND,2008,1700000.048
Honduras,HND,2009,1500000
Honduras,HND,2010,1299999.952
Honduras,HND,2011,1100000.024
Honduras,HND,2012,1200000.048
Honduras,HND,2013,1200000.048
Honduras,HND,2014,1299999.952
Honduras,HND,2015,1299999.952
Honduras,HND,2016,1299999.952
Honduras,HND,2017,1200000.048
Honduras,HND,2018,1299999.952
Honduras,HND,2019,1299999.952
India,IND,2001,198300003.1
India,IND,2002,219300003.1
India,IND,2003,239300003.1
India,IND,2004,249600006.1
India,IND,2005,247800003.1
India,IND,2006,228800003.1
India,IND,2007,207199996.9
India,IND,2008,199000000
India,IND,2009,199000000
India,IND,2010,197199996.9
India,IND,2011,195000000
India,IND,2012,189899993.9
India,IND,2013,193199996.9
India,IND,2014,193300003.1
India,IND,2015,192300003.1
India,IND,2016,187600006.1
India,IND,2017,184899993.9
India,IND,2018,189899993.9
India,IND,2019,208600006.1
Indonesia,IDN,2001,41099998.47
Indonesia,IDN,2002,41599998.47
Indonesia,IDN,2003,41599998.47
Indonesia,IDN,2004,42500000
Indonesia,IDN,2005,43500000
Indonesia,IDN,2006,43500000
Indonesia,IDN,2007,42900001.53
Indonesia,IDN,2008,40900001.53
Indonesia,IDN,2009,36900001.53
Indonesia,IDN,2010,31299999.24
Indonesia,IDN,2011,26100000.38
Indonesia,IDN,2012,23399999.62
Indonesia,IDN,2013,21000000
Indonesia,IDN,2014,19600000.38
Indonesia,IDN,2015,18200000.76
Indonesia,IDN,2016,17700000.76
Indonesia,IDN,2017,16799999.24
Indonesia,IDN,2018,17200000.76
Indonesia,IDN,2019,17600000.38
Iran,IRN,2001,3200000.048
Iran,IRN,2002,3400000.095
Iran,IRN,2003,3400000.095
Iran,IRN,2004,3400000.095
Iran,IRN,2005,3599999.905
Iran,IRN,2006,3900000.095
Iran,IRN,2007,4099999.905
Iran,IRN,2008,3900000.095
Iran,IRN,2009,4000000
Iran,IRN,2010,4400000.095
Iran,IRN,2011,4699999.809
Iran,IRN,2012,4699999.809
Iran,IRN,2013,4099999.905
Iran,IRN,2014,3799999.952
Iran,IRN,2015,3700000.048
Iran,IRN,2016,3900000.095
Iran,IRN,2017,4199999.809
Iran,IRN,2018,4400000.095
Iran,IRN,2019,4599999.905
Iraq,IRQ,2001,5400000.095
Iraq,IRQ,2002,5699999.809
Iraq,IRQ,2003,5900000.095
Iraq,IRQ,2004,6300000.191
Iraq,IRQ,2005,6400000.095
Iraq,IRQ,2006,6900000.095
Iraq,IRQ,2007,7199999.809
Iraq,IRQ,2008,7099999.905
Iraq,IRQ,2009,8100000.381
Iraq,IRQ,2010,9399999.619
Iraq,IRQ,2011,11300000.19
Iraq,IRQ,2012,11800000.19
Iraq,IRQ,2013,12199999.81
Iraq,IRQ,2014,12600000.38
Iraq,IRQ,2015,13399999.62
Iraq,IRQ,2016,14100000.38
Iraq,IRQ,2017,14199999.81
Iraq,IRQ,2018,14399999.62
Iraq,IRQ,2019,14699999.81
Jamaica,JAM,2001,200000.003
Jamaica,JAM,2002,200000.003
Jamaica,JAM,2003,200000.003
Jamaica,JAM,2004,200000.003
Jamaica,JAM,2005,200000.003
Jamaica,JAM,2006,200000.003
Jamaica,JAM,2007,200000.003
Jamaica,JAM,2008,200000.003
Jamaica,JAM,2009,300000.0119
Jamaica,JAM,2010,300000.0119
Jamaica,JAM,2011,300000.0119
Jamaica,JAM,2012,300000.0119
Jamaica,JAM,2013,300000.0119
Jamaica,JAM,2014,300000.0119
Jamaica,JAM,2015,300000.0119
Jamaica,JAM,2016,300000.0119
Jamaica,JAM,2017,300000.0119
Jamaica,JAM,2018,200000.003
Jamaica,JAM,2019,200000.003
Japan,JPN,2009,3299999.952
Japan,JPN,2010,3400000.095
Jordan,JOR,2001,500000
Jordan,JOR,2002,400000.006
Jordan,JOR,2003,300000.0119
Jordan,JOR,2004,300000.0119
Jordan,JOR,2005,300000.0119
Jordan,JOR,2006,300000.0119
Jordan,JOR,2007,400000.006
Jordan,JOR,2008,400000.006
Jordan,JOR,2009,500000
Jordan,JOR,2010,500000
Jordan,JOR,2011,600000.0238
Jordan,JOR,2012,699999.9881
Jordan,JOR,2013,699999.9881
Jordan,JOR,2014,600000.0238
Jordan,JOR,2015,600000.0238
Jordan,JOR,2016,699999.9881
Jordan,JOR,2017,800000.0119
Jordan,JOR,2018,800000.0119
Jordan,JOR,2019,1000000
Kazakhstan,KAZ,2001,1000000
Kazakhstan,KAZ,2002,1000000
Kazakhstan,KAZ,2003,1100000.024
Kazakhstan,KAZ,2004,1100000.024
Kazakhstan,KAZ,2005,1100000.024
Kazakhstan,KAZ,2006,1000000
Kazakhstan,KAZ,2007,800000.0119
Kazakhstan,KAZ,2008,699999.9881
Kazakhstan,KAZ,2009,600000.0238
Kazakhstan,KAZ,2010,600000.0238
Kazakhstan,KAZ,2011,500000
Kazakhstan,KAZ,2012,500000
Kazakhstan,KAZ,2013,400000.006
Kazakhstan,KAZ,2017,500000
Kazakhstan,KAZ,2018,500000
Kenya,KEN,2001,10600000.38
Kenya,KEN,2002,11300000.19
Kenya,KEN,2003,12100000.38
Kenya,KEN,2004,11399999.62
Kenya,KEN,2005,10399999.62
Kenya,KEN,2006,9800000.191
Kenya,KEN,2007,10399999.62
Kenya,KEN,2008,10600000.38
Kenya,KEN,2009,9899999.619
Kenya,KEN,2010,10199999.81
Kenya,KEN,2011,10300000.19
Kenya,KEN,2012,11000000
Kenya,KEN,2013,10100000.38
Kenya,KEN,2014,9800000.191
Kenya,KEN,2015,10300000.19
Kenya,KEN,2016,11399999.62
Kenya,KEN,2017,12399999.62
Kenya,KEN,2018,12500000
Kenya,KEN,2019,13000000
Kiribati,KIR,2001,50000.00075
Kiribati,KIR,2002,50000.00075
Kiribati,KIR,2003,50000.00075
Kiribati,KIR,2004,50000.00075
Kiribati,KIR,2005,50000.00075
Kiribati,KIR,2006,50000.00075
Kiribati,KIR,2007,50000.00075
Kiribati,KIR,2008,50000.00075
Kiribati,KIR,2009,50000.00075
Kiribati,KIR,2010,50000.00075
Kiribati,KIR,2011,50000.00075
Kiribati,KIR,2012,50000.00075
Kiribati,KIR,2013,50000.00075
Kiribati,KIR,2014,50000.00075
Kiribati,KIR,2015,50000.00075
Kiribati,KIR,2016,50000.00075
Kiribati,KIR,2017,50000.00075
Kiribati,KIR,2018,50000.00075
Kiribati,KIR,2019,50000.00075
Kuwait,KWT,2001,50000.00075
Kyrgyzstan,KGZ,2001,800000.0119
Kyrgyzstan,KGZ,2002,699999.9881
Kyrgyzstan,KGZ,2003,500000
Kyrgyzstan,KGZ,2004,500000
Kyrgyzstan,KGZ,2005,500000
Kyrgyzstan,KGZ,2006,500000
Kyrgyzstan,KGZ,2007,500000
Kyrgyzstan,KGZ,2008,500000
Kyrgyzstan,KGZ,2009,500000
Kyrgyzstan,KGZ,2010,500000
Kyrgyzstan,KGZ,2011,400000.006
Kyrgyzstan,KGZ,2012,500000
Kyrgyzstan,KGZ,2013,500000
Kyrgyzstan,KGZ,2014,400000.006
Kyrgyzstan,KGZ,2015,500000
Kyrgyzstan,KGZ,2016,500000
Kyrgyzstan,KGZ,2017,500000
Kyrgyzstan,KGZ,2018,500000
Kyrgyzstan,KGZ,2019,500000
Land Locked Developing Countries (FAO),,2000,109699996.9
Land Locked Developing Countries (FAO),,2001,109000000
Land Locked Developing Countries (FAO),,2002,107900001.5
Land Locked Developing Countries (FAO),,2003,105099998.5
Land Locked Developing Countries (FAO),,2004,105300003.1
Land Locked Developing Countries (FAO),,2005,97699996.95
Land Locked Developing Countries (FAO),,2006,97800003.05
Land Locked Developing Countries (FAO),,2007,97300003.05
Land Locked Developing Countries (FAO),,2008,94599998.47
Land Locked Developing Countries (FAO),,2009,92599998.47
Land Locked Developing Countries (FAO),,2010,80900001.53
Land Locked Developing Countries (FAO),,2011,84599998.47
Land Locked Developing Countries (FAO),,2012,86099998.47
Land Locked Developing Countries (FAO),,2013,87400001.53
Land Locked Developing Countries (FAO),,2014,75300003.05
Land Locked Developing Countries (FAO),,2015,75099998.47
Land Locked Developing Countries (FAO),,2016,78900001.53
Land Locked Developing Countries (FAO),,2017,78099998.47
Land Locked Developing Countries (FAO),,2018,84199996.95
Land Locked Developing Countries (FAO),,2019,87900001.53
Land Locked Developing Countries (FAO),,2020,101900001.5
Laos,LAO,2001,1700000.048
Laos,LAO,2002,1600000.024
Laos,LAO,2003,1500000
Laos,LAO,2004,1399999.976
Laos,LAO,2005,1299999.952
Laos,LAO,2006,1200000.048
Laos,LAO,2007,1200000.048
Laos,LAO,2008,1100000.024
Laos,LAO,2009,1100000.024
Laos,LAO,2010,1000000
Laos,LAO,2011,1000000
Laos,LAO,2012,899999.9762
Laos,LAO,2013,800000.0119
Laos,LAO,2014,600000.0238
Laos,LAO,2015,500000
Laos,LAO,2016,400000.006
Laos,LAO,2017,400000.006
Laos,LAO,2018,400000.006
Laos,LAO,2019,400000.006
Latin America and the Caribbean (FAO),,2000,56500000
Latin America and the Caribbean (FAO),,2001,55799999.24
Latin America and the Caribbean (FAO),,2002,58500000
Latin America and the Caribbean (FAO),,2003,54299999.24
Latin America and the Caribbean (FAO),,2004,54400001.53
Latin America and the Caribbean (FAO),,2005,51900001.53
Latin America and the Caribbean (FAO),,2006,49099998.47
Latin America and the Caribbean (FAO),,2007,47500000
Latin America and the Caribbean (FAO),,2008,44900001.53
Latin America and the Caribbean (FAO),,2009,45599998.47
Latin America and the Caribbean (FAO),,2010,40700000.76
Latin America and the Caribbean (FAO),,2011,39299999.24
Latin America and the Caribbean (FAO),,2012,37299999.24
Latin America and the Caribbean (FAO),,2013,36299999.24
Latin America and the Caribbean (FAO),,2014,33200000.76
Latin America and the Caribbean (FAO),,2015,36400001.53
Latin America and the Caribbean (FAO),,2016,42900001.53
Latin America and the Caribbean (FAO),,2017,42200000.76
Latin America and the Caribbean (FAO),,2018,43700000.76
Latin America and the Caribbean (FAO),,2019,45900001.53
Latin America and the Caribbean (FAO),,2020,59700000.76
Latvia,LVA,2001,100000.0015
Latvia,LVA,2002,50000.00075
Latvia,LVA,2003,50000.00075
Least Developed Countries (FAO),,2000,222000000
Least Developed Countries (FAO),,2001,218300003.1
Least Developed Countries (FAO),,2002,217399993.9
Least Developed Countries (FAO),,2003,217300003.1
Least Developed Countries (FAO),,2004,216399993.9
Least Developed Countries (FAO),,2005,210399993.9
Least Developed Countries (FAO),,2006,209500000
Least Developed Countries (FAO),,2007,205199996.9
Least Developed Countries (FAO),,2008,205600006.1
Least Developed Countries (FAO),,2009,203199996.9
Least Developed Countries (FAO),,2010,191600006.1
Least Developed Countries (FAO),,2011,200600006.1
Least Developed Countries (FAO),,2012,203000000
Least Developed Countries (FAO),,2013,209600006.1
Least Developed Countries (FAO),,2014,194300003.1
Least Developed Countries (FAO),,2015,198699996.9
Least Developed Countries (FAO),,2016,212500000
Least Developed Countries (FAO),,2017,207000000
Least Developed Countries (FAO),,2018,215399993.9
Least Developed Countries (FAO),,2019,221800003.1
Least Developed Countries (FAO),,2020,243800003.1
Lebanon,LBN,2001,300000.0119
Lebanon,LBN,2002,400000.006
Lebanon,LBN,2003,400000.006
Lebanon,LBN,2004,500000
Lebanon,LBN,2005,500000
Lebanon,LBN,2006,500000
Lebanon,LBN,2007,500000
Lebanon,LBN,2008,400000.006
Lebanon,LBN,2009,500000
Lebanon,LBN,2010,500000
Lebanon,LBN,2011,600000.0238
Lebanon,LBN,2012,800000.0119
Lebanon,LBN,2013,699999.9881
Lebanon,LBN,2014,600000.0238
Lebanon,LBN,2015,400000.006
Lebanon,LBN,2016,400000.006
Lebanon,LBN,2017,500000
Lebanon,LBN,2018,500000
Lebanon,LBN,2019,600000.0238
Lesotho,LSO,2001,400000.006
Lesotho,LSO,2002,400000.006
Lesotho,LSO,2003,300000.0119
Lesotho,LSO,2004,300000.0119
Lesotho,LSO,2005,300000.0119
Lesotho,LSO,2006,300000.0119
Lesotho,LSO,2007,200000.003
Lesotho,LSO,2008,200000.003
Lesotho,LSO,2009,200000.003
Lesotho,LSO,2010,200000.003
Lesotho,LSO,2011,200000.003
Lesotho,LSO,2012,200000.003
Lesotho,LSO,2013,300000.0119
Lesotho,LSO,2014,400000.006
Lesotho,LSO,2015,600000.0238
Lesotho,LSO,2016,600000.0238
Lesotho,LSO,2017,500000
Lesotho,LSO,2018,400000.006
Lesotho,LSO,2019,500000
Liberia,LBR,2001,1100000.024
Liberia,LBR,2002,1200000.048
Liberia,LBR,2003,1200000.048
Liberia,LBR,2004,1100000.024
Liberia,LBR,2005,1200000.048
Liberia,LBR,2006,1200000.048
Liberia,LBR,2007,1200000.048
Liberia,LBR,2008,1200000.048
Liberia,LBR,2009,1200000.048
Liberia,LBR,2010,1299999.952
Liberia,LBR,2011,1399999.976
Liberia,LBR,2012,1500000
Liberia,LBR,2013,1500000
Liberia,LBR,2014,1600000.024
Liberia,LBR,2015,1600000.024
Liberia,LBR,2016,1700000.048
Liberia,LBR,2017,1700000.048
Liberia,LBR,2018,1799999.952
Liberia,LBR,2019,1899999.976
Macao,MAC,2001,50000.00075
Macao,MAC,2002,50000.00075
Macao,MAC,2003,50000.00075
Macao,MAC,2004,50000.00075
Macao,MAC,2005,50000.00075
Macao,MAC,2006,50000.00075
Macao,MAC,2007,50000.00075
Macao,MAC,2008,50000.00075
Macao,MAC,2009,50000.00075
Macao,MAC,2010,50000.00075
Macao,MAC,2011,50000.00075
Macao,MAC,2012,50000.00075
Macao,MAC,2013,50000.00075
Macao,MAC,2014,50000.00075
Macao,MAC,2015,50000.00075
Macao,MAC,2016,50000.00075
Macao,MAC,2017,50000.00075
Macao,MAC,2018,50000.00075
Macao,MAC,2019,50000.00075
Madagascar,MDG,2001,5500000
Madagascar,MDG,2002,5900000.095
Madagascar,MDG,2003,6300000.191
Madagascar,MDG,2004,6199999.809
Madagascar,MDG,2005,6099999.905
Madagascar,MDG,2006,5900000.095
Madagascar,MDG,2007,5900000.095
Madagascar,MDG,2008,6099999.905
Madagascar,MDG,2009,6199999.809
Madagascar,MDG,2010,6099999.905
Madagascar,MDG,2011,6099999.905
Madagascar,MDG,2012,6599999.905
Madagascar,MDG,2013,7599999.905
Madagascar,MDG,2014,8899999.619
Madagascar,MDG,2015,9699999.809
Madagascar,MDG,2016,10300000.19
Madagascar,MDG,2017,10800000.19
Madagascar,MDG,2018,11199999.81
Madagascar,MDG,2019,11699999.81
Malawi,MWI,2001,2700000.048
Malawi,MWI,2002,2799999.952
Malawi,MWI,2003,2900000.095
Malawi,MWI,2004,3000000
Malawi,MWI,2005,2799999.952
Malawi,MWI,2006,2700000.048
Malawi,MWI,2007,2599999.905
Malawi,MWI,2008,2599999.905
Malawi,MWI,2009,2500000
Malawi,MWI,2010,2400000.095
Malawi,MWI,2011,2299999.952
Malawi,MWI,2012,2400000.095
Malawi,MWI,2013,2599999.905
Malawi,MWI,2014,2599999.905
Malawi,MWI,2015,2700000.048
Malawi,MWI,2016,2799999.952
Malawi,MWI,2017,2900000.095
Malawi,MWI,2018,3099999.905
Malawi,MWI,2019,3200000.048
Malaysia,MYS,2001,600000.0238
Malaysia,MYS,2002,699999.9881
Malaysia,MYS,2003,699999.9881
Malaysia,MYS,2004,800000.0119
Malaysia,MYS,2005,800000.0119
Malaysia,MYS,2006,899999.9762
Malaysia,MYS,2007,1000000
Malaysia,MYS,2008,1000000
Malaysia,MYS,2009,1000000
Malaysia,MYS,2010,899999.9762
Malaysia,MYS,2011,800000.0119
Malaysia,MYS,2012,800000.0119
Malaysia,MYS,2013,899999.9762
Malaysia,MYS,2014,1000000
Malaysia,MYS,2015,1100000.024
Malaysia,MYS,2016,1100000.024
Malaysia,MYS,2017,1100000.024
Malaysia,MYS,2018,1000000
Malaysia,MYS,2019,1000000
Mali,MLI,2001,1799999.952
Mali,MLI,2002,1799999.952
Mali,MLI,2003,1799999.952
Mali,MLI,2004,1799999.952
Mali,MLI,2005,1700000.048
Mali,MLI,2006,1600000.024
Mali,MLI,2007,1399999.976
Mali,MLI,2008,1299999.952
Mali,MLI,2009,1100000.024
Mali,MLI,2010,899999.9762
Mali,MLI,2011,699999.9881
Mali,MLI,2012,800000.0119
Mali,MLI,2013,800000.0119
Mali,MLI,2014,800000.0119
Mali,MLI,2015,899999.9762
Mali,MLI,2016,899999.9762
Mali,MLI,2017,1200000.048
Mali,MLI,2018,1500000
Mali,MLI,2019,2000000
Mauritania,MRT,2001,200000.003
Mauritania,MRT,2002,200000.003
Mauritania,MRT,2003,200000.003
Mauritania,MRT,2004,300000.0119
Mauritania,MRT,2005,300000.0119
Mauritania,MRT,2006,300000.0119
Mauritania,MRT,2007,300000.0119
Mauritania,MRT,2008,200000.003
Mauritania,MRT,2009,200000.003
Mauritania,MRT,2010,300000.0119
Mauritania,MRT,2011,300000.0119
Mauritania,MRT,2012,300000.0119
Mauritania,MRT,2013,300000.0119
Mauritania,MRT,2014,300000.0119
Mauritania,MRT,2015,300000.0119
Mauritania,MRT,2016,400000.006
Mauritania,MRT,2017,400000.006
Mauritania,MRT,2018,400000.006
Mauritania,MRT,2019,400000.006
Mauritius,MUS,2001,50000.00075
Mauritius,MUS,2002,50000.00075
Mauritius,MUS,2003,50000.00075
Mauritius,MUS,2004,50000.00075
Mauritius,MUS,2005,50000.00075
Mauritius,MUS,2006,50000.00075
Mauritius,MUS,2007,50000.00075
Mauritius,MUS,2008,50000.00075
Mauritius,MUS,2009,50000.00075
Mauritius,MUS,2010,50000.00075
Mauritius,MUS,2011,50000.00075
Mauritius,MUS,2012,50000.00075
Mauritius,MUS,2013,50000.00075
Mauritius,MUS,2014,50000.00075
Mauritius,MUS,2015,50000.00075
Mauritius,MUS,2016,50000.00075
Mauritius,MUS,2017,50000.00075
Mauritius,MUS,2018,50000.00075
Mauritius,MUS,2019,50000.00075
Melanesia,OWID_MNS,2000,1700000.048
Melanesia,OWID_MNS,2001,1700000.048
Melanesia,OWID_MNS,2002,1700000.048
Melanesia,OWID_MNS,2003,1899999.976
Melanesia,OWID_MNS,2004,1899999.976
Melanesia,OWID_MNS,2005,2000000
Melanesia,OWID_MNS,2006,1799999.952
Melanesia,OWID_MNS,2007,2000000
Melanesia,OWID_MNS,2008,2000000
Melanesia,OWID_MNS,2009,2099999.905
Melanesia,OWID_MNS,2010,1700000.048
Melanesia,OWID_MNS,2011,1700000.048
Melanesia,OWID_MNS,2012,1799999.952
Melanesia,OWID_MNS,2013,1899999.976
Melanesia,OWID_MNS,2014,2200000.048
Melanesia,OWID_MNS,2015,2200000.048
Melanesia,OWID_MNS,2016,2299999.952
Melanesia,OWID_MNS,2017,2299999.952
Melanesia,OWID_MNS,2018,2299999.952
Melanesia,OWID_MNS,2019,2400000.095
Melanesia,OWID_MNS,2020,2400000.095
Mexico,MEX,2001,3299999.952
Mexico,MEX,2002,3700000.048
Mexico,MEX,2003,4400000.095
Mexico,MEX,2004,4800000.191
Mexico,MEX,2005,4699999.809
Mexico,MEX,2006,4400000.095
Mexico,MEX,2007,4500000
Mexico,MEX,2008,4900000.095
Mexico,MEX,2009,5400000.095
Mexico,MEX,2010,5699999.809
Mexico,MEX,2011,5699999.809
Mexico,MEX,2012,5599999.905
Mexico,MEX,2013,5099999.905
Mexico,MEX,2014,5300000.191
Mexico,MEX,2015,6099999.905
Mexico,MEX,2016,7099999.905
Mexico,MEX,2017,7699999.809
Mexico,MEX,2018,7800000.191
Mexico,MEX,2019,9199999.809
Middle Africa (FAO),,2000,39799999.24
Middle Africa (FAO),,2001,39599998.47
Middle Africa (FAO),,2002,39799999.24
Middle Africa (FAO),,2003,39799999.24
Middle Africa (FAO),,2004,40500000
Middle Africa (FAO),,2005,41200000.76
Middle Africa (FAO),,2006,41700000.76
Middle Africa (FAO),,2007,42400001.53
Middle Africa (FAO),,2008,42700000.76
Middle Africa (FAO),,2009,43200000.76
Middle Africa (FAO),,2010,38000000
Middle Africa (FAO),,2011,39000000
Middle Africa (FAO),,2012,42400001.53
Middle Africa (FAO),,2013,44200000.76
Middle Africa (FAO),,2014,41799999.24
Middle Africa (FAO),,2015,44299999.24
Middle Africa (FAO),,2016,47099998.47
Middle Africa (FAO),,2017,46500000
Middle Africa (FAO),,2018,49700000.76
Middle Africa (FAO),,2019,52900001.53
Middle Africa (FAO),,2020,57099998.47
Mongolia,MNG,2001,800000.0119
Mongolia,MNG,2002,699999.9881
Mongolia,MNG,2003,800000.0119
Mongolia,MNG,2004,800000.0119
Mongolia,MNG,2005,699999.9881
Mongolia,MNG,2006,699999.9881
Mongolia,MNG,2007,699999.9881
Mongolia,MNG,2008,600000.0238
Mongolia,MNG,2009,500000
Mongolia,MNG,2010,500000
Mongolia,MNG,2011,500000
Mongolia,MNG,2012,500000
Mongolia,MNG,2013,400000.006
Mongolia,MNG,2014,300000.0119
Mongolia,MNG,2015,300000.0119
Mongolia,MNG,2016,200000.003
Mongolia,MNG,2017,200000.003
Mongolia,MNG,2018,200000.003
Mongolia,MNG,2019,100000.0015
Montenegro,MNE,2001,50000.00075
Montenegro,MNE,2002,50000.00075
Montenegro,MNE,2003,50000.00075
Montenegro,MNE,2004,50000.00075
Montenegro,MNE,2005,50000.00075
Montenegro,MNE,2006,50000.00075
Morocco,MAR,2001,1799999.952
Morocco,MAR,2002,1700000.048
Morocco,MAR,2003,1700000.048
Morocco,MAR,2004,1700000.048
Morocco,MAR,2005,1700000.048
Morocco,MAR,2006,1700000.048
Morocco,MAR,2007,1700000.048
Morocco,MAR,2008,1799999.952
Morocco,MAR,2009,1799999.952
Morocco,MAR,2010,1799999.952
Morocco,MAR,2011,1700000.048
Morocco,MAR,2012,1600000.024
Morocco,MAR,2013,1500000
Morocco,MAR,2014,1399999.976
Morocco,MAR,2015,1299999.952
Morocco,MAR,2016,1299999.952
Morocco,MAR,2017,1299999.952
Morocco,MAR,2018,1299999.952
Morocco,MAR,2019,1500000
Mozambique,MOZ,2001,6699999.809
Mozambique,MOZ,2002,6599999.905
Mozambique,MOZ,2003,6599999.905
Mozambique,MOZ,2004,6800000.191
Mozambique,MOZ,2005,6800000.191
Mozambique,MOZ,2006,6800000.191
Mozambique,MOZ,2007,6500000
Mozambique,MOZ,2008,6400000.095
Mozambique,MOZ,2009,5900000.095
Mozambique,MOZ,2010,5699999.809
Mozambique,MOZ,2011,5300000.191
Mozambique,MOZ,2012,5199999.809
Mozambique,MOZ,2013,5699999.809
Mozambique,MOZ,2014,6800000.191
Mozambique,MOZ,2015,8000000
Mozambique,MOZ,2016,8800000.191
Mozambique,MOZ,2017,9000000
Mozambique,MOZ,2018,9100000.381
Mozambique,MOZ,2019,9500000
Myanmar,MMR,2001,17700000.76
Myanmar,MMR,2002,16600000.38
Myanmar,MMR,2003,15600000.38
Myanmar,MMR,2004,14699999.81
Myanmar,MMR,2005,13600000.38
Myanmar,MMR,2006,12199999.81
Myanmar,MMR,2007,10500000
Myanmar,MMR,2008,9199999.809
Myanmar,MMR,2009,7599999.905
Myanmar,MMR,2010,6599999.905
Myanmar,MMR,2011,5800000.191
Myanmar,MMR,2012,5800000.191
Myanmar,MMR,2013,5400000.095
Myanmar,MMR,2014,5099999.905
Myanmar,MMR,2015,4699999.809
Myanmar,MMR,2016,4500000
Myanmar,MMR,2017,4300000.191
Myanmar,MMR,2018,4199999.809
Myanmar,MMR,2019,4099999.905
Namibia,NAM,2001,200000.003
Namibia,NAM,2002,300000.0119
Namibia,NAM,2003,300000.0119
Namibia,NAM,2004,300000.0119
Namibia,NAM,2005,400000.006
Namibia,NAM,2006,400000.006
Namibia,NAM,2007,500000
Namibia,NAM,2008,600000.0238
Namibia,NAM,2009,699999.9881
Namibia,NAM,2010,699999.9881
Namibia,NAM,2011,699999.9881
Namibia,NAM,2012,699999.9881
Namibia,NAM,2013,600000.0238
Namibia,NAM,2014,500000
Namibia,NAM,2015,500000
Namibia,NAM,2016,500000
Namibia,NAM,2017,500000
Namibia,NAM,2018,500000
Namibia,NAM,2019,500000
Nepal,NPL,2001,5699999.809
Nepal,NPL,2002,5400000.095
Nepal,NPL,2003,5000000
Nepal,NPL,2004,4500000
Nepal,NPL,2005,4300000.191
Nepal,NPL,2006,4199999.809
Nepal,NPL,2007,3900000.095
Nepal,NPL,2008,3500000
Nepal,NPL,2009,3099999.905
Nepal,NPL,2010,2799999.952
Nepal,NPL,2011,2500000
Nepal,NPL,2012,2200000.048
Nepal,NPL,2013,1899999.976
Nepal,NPL,2014,1700000.048
Nepal,NPL,2015,1399999.976
Nepal,NPL,2016,1200000.048
Nepal,NPL,2017,1200000.048
Nepal,NPL,2018,1200000.048
Nepal,NPL,2019,1399999.976
New Caledonia,NCL,2001,50000.00075
New Caledonia,NCL,2002,50000.00075
New Caledonia,NCL,2003,50000.00075
New Caledonia,NCL,2004,50000.00075
New Caledonia,NCL,2005,50000.00075
New Caledonia,NCL,2006,50000.00075
New Caledonia,NCL,2007,50000.00075
New Caledonia,NCL,2008,50000.00075
New Caledonia,NCL,2009,50000.00075
New Caledonia,NCL,2010,50000.00075
New Caledonia,NCL,2011,50000.00075
New Caledonia,NCL,2012,50000.00075
New Caledonia,NCL,2013,50000.00075
New Caledonia,NCL,2014,50000.00075
New Caledonia,NCL,2015,50000.00075
New Caledonia,NCL,2016,50000.00075
New Caledonia,NCL,2017,50000.00075
New Caledonia,NCL,2018,50000.00075
New Caledonia,NCL,2019,50000.00075
Nicaragua,NIC,2001,1399999.976
Nicaragua,NIC,2002,1299999.952
Nicaragua,NIC,2003,1299999.952
Nicaragua,NIC,2004,1299999.952
Nicaragua,NIC,2005,1299999.952
Nicaragua,NIC,2006,1200000.048
Nicaragua,NIC,2007,1200000.048
Nicaragua,NIC,2008,1200000.048
Nicaragua,NIC,2009,1200000.048
Nicaragua,NIC,2010,1200000.048
Nicaragua,NIC,2011,1100000.024
Nicaragua,NIC,2012,1100000.024
Nicaragua,NIC,2013,1100000.024
Nicaragua,NIC,2014,1100000.024
Nicaragua,NIC,2015,1200000.048
Nicaragua,NIC,2016,1100000.024
Nicaragua,NIC,2017,1100000.024
Nicaragua,NIC,2018,1200000.048
Nicaragua,NIC,2019,1299999.952
Nigeria,NGA,2001,11199999.81
Nigeria,NGA,2002,11399999.62
Nigeria,NGA,2003,11300000.19
Nigeria,NGA,2004,10699999.81
Nigeria,NGA,2005,9899999.619
Nigeria,NGA,2006,9600000.381
Nigeria,NGA,2007,9600000.381
Nigeria,NGA,2008,10199999.81
Nigeria,NGA,2009,11199999.81
Nigeria,NGA,2010,12399999.62
Nigeria,NGA,2011,13199999.81
Nigeria,NGA,2012,14699999.81
Nigeria,NGA,2013,15399999.62
Nigeria,NGA,2014,16500000
Nigeria,NGA,2015,16600000.38
Nigeria,NGA,2016,17500000
Nigeria,NGA,2017,19200000.76
Nigeria,NGA,2018,21000000
Nigeria,NGA,2019,29399999.62
North Korea,PRK,2001,8199999.809
North Korea,PRK,2002,8100000.381
North Korea,PRK,2003,7599999.905
North Korea,PRK,2004,7699999.809
North Korea,PRK,2005,8100000.381
North Korea,PRK,2006,8699999.809
North Korea,PRK,2007,9199999.809
North Korea,PRK,2008,9699999.809
North Korea,PRK,2009,10100000.38
North Korea,PRK,2010,10500000
North Korea,PRK,2011,10600000.38
North Korea,PRK,2012,10600000.38
North Korea,PRK,2013,10199999.81
North Korea,PRK,2014,10199999.81
North Korea,PRK,2015,10100000.38
North Korea,PRK,2016,10399999.62
North Korea,PRK,2017,10899999.62
North Korea,PRK,2018,10899999.62
North Korea,PRK,2019,10899999.62
North Macedonia,MKD,2001,200000.003
North Macedonia,MKD,2002,200000.003
North Macedonia,MKD,2003,100000.0015
North Macedonia,MKD,2004,100000.0015
North Macedonia,MKD,2005,100000.0015
North Macedonia,MKD,2006,50000.00075
North Macedonia,MKD,2007,50000.00075
North Macedonia,MKD,2008,50000.00075
North Macedonia,MKD,2009,50000.00075
North Macedonia,MKD,2010,50000.00075
North Macedonia,MKD,2011,50000.00075
North Macedonia,MKD,2012,50000.00075
North Macedonia,MKD,2013,50000.00075
North Macedonia,MKD,2014,50000.00075
North Macedonia,MKD,2015,50000.00075
North Macedonia,MKD,2016,50000.00075
North Macedonia,MKD,2017,50000.00075
North Macedonia,MKD,2019,50000.00075
Northern Africa (FAO),,2000,15699999.81
Northern Africa (FAO),,2001,14800000.19
Northern Africa (FAO),,2002,14399999.62
Northern Africa (FAO),,2003,14899999.62
Northern Africa (FAO),,2004,15899999.62
Northern Africa (FAO),,2005,15800000.19
Northern Africa (FAO),,2006,14800000.19
Northern Africa (FAO),,2007,14500000
Northern Africa (FAO),,2008,14199999.81
Northern Africa (FAO),,2009,14600000.38
Northern Africa (FAO),,2010,14800000.19
Northern Africa (FAO),,2011,15600000.38
Northern Africa (FAO),,2012,14699999.81
Northern Africa (FAO),,2013,14199999.81
Northern Africa (FAO),,2014,13000000
Northern Africa (FAO),,2015,13600000.38
Northern Africa (FAO),,2016,14199999.81
Northern Africa (FAO),,2017,15000000
Northern Africa (FAO),,2018,15100000.38
Northern Africa (FAO),,2019,15500000
Northern Africa (FAO),,2020,17399999.62
Oceania (FAO),,2000,2200000.048
Oceania (FAO),,2001,2099999.905
Oceania (FAO),,2002,2000000
Oceania (FAO),,2003,2299999.952
Oceania (FAO),,2004,2299999.952
Oceania (FAO),,2005,2299999.952
Oceania (FAO),,2006,2099999.905
Oceania (FAO),,2007,2299999.952
Oceania (FAO),,2008,2200000.048
Oceania (FAO),,2009,2299999.952
Oceania (FAO),,2010,1899999.976
Oceania (FAO),,2011,1899999.976
Oceania (FAO),,2012,2099999.905
Oceania (FAO),,2013,2099999.905
Oceania (FAO),,2014,2400000.095
Oceania (FAO),,2015,2400000.095
Oceania (FAO),,2016,2500000
Oceania (FAO),,2017,2599999.905
Oceania (FAO),,2018,2599999.905
Oceania (FAO),,2019,2599999.905
Oceania (FAO),,2020,2700000.048
Oman,OMN,2001,300000.0119
Oman,OMN,2002,300000.0119
Oman,OMN,2003,300000.0119
Oman,OMN,2004,200000.003
Oman,OMN,2005,200000.003
Oman,OMN,2006,200000.003
Oman,OMN,2007,300000.0119
Oman,OMN,2008,300000.0119
Oman,OMN,2009,300000.0119
Oman,OMN,2010,300000.0119
Oman,OMN,2011,300000.0119
Oman,OMN,2012,300000.0119
Oman,OMN,2013,300000.0119
Oman,OMN,2014,300000.0119
Oman,OMN,2015,300000.0119
Oman,OMN,2016,400000.006
Oman,OMN,2017,400000.006
Oman,OMN,2018,400000.006
Oman,OMN,2019,400000.006
Pakistan,PAK,2001,30799999.24
Pakistan,PAK,2002,32500000
Pakistan,PAK,2003,32099998.47
Pakistan,PAK,2004,29799999.24
Pakistan,PAK,2005,28200000.76
Pakistan,PAK,2006,26799999.24
Pakistan,PAK,2007,26500000
Pakistan,PAK,2008,27100000.38
Pakistan,PAK,2009,28000000
Pakistan,PAK,2010,28600000.38
Pakistan,PAK,2011,29200000.76
Pakistan,PAK,2012,29700000.76
Pakistan,PAK,2013,28899999.62
Pakistan,PAK,2014,27100000.38
Pakistan,PAK,2015,25500000
Pakistan,PAK,2016,25200000.76
Pakistan,PAK,2017,25200000.76
Pakistan,PAK,2018,25799999.24
Pakistan,PAK,2019,27899999.62
Panama,PAN,2001,800000.0119
Panama,PAN,2002,600000.0238
Panama,PAN,2003,699999.9881
Panama,PAN,2004,699999.9881
Panama,PAN,2005,699999.9881
Panama,PAN,2006,600000.0238
Panama,PAN,2007,600000.0238
Panama,PAN,2008,500000
Panama,PAN,2009,500000
Panama,PAN,2010,400000.006
Panama,PAN,2011,400000.006
Panama,PAN,2012,300000.0119
Panama,PAN,2013,300000.0119
Panama,PAN,2014,300000.0119
Panama,PAN,2015,300000.0119
Panama,PAN,2016,300000.0119
Panama,PAN,2017,300000.0119
Panama,PAN,2018,300000.0119
Panama,PAN,2019,300000.0119
Papua New Guinea,PNG,2001,1600000.024
Papua New Guinea,PNG,2002,1600000.024
Papua New Guinea,PNG,2003,1700000.048
Papua New Guinea,PNG,2004,1799999.952
Papua New Guinea,PNG,2005,1799999.952
Papua New Guinea,PNG,2006,1799999.952
Papua New Guinea,PNG,2007,1799999.952
Papua New Guinea,PNG,2008,1899999.976
Papua New Guinea,PNG,2009,1799999.952
Papua New Guinea,PNG,2010,1700000.048
Papua New Guinea,PNG,2011,1600000.024
Papua New Guinea,PNG,2012,1600000.024
Papua New Guinea,PNG,2013,1799999.952
Papua New Guinea,PNG,2014,1899999.976
Papua New Guinea,PNG,2015,2000000
Papua New Guinea,PNG,2016,2099999.905
Papua New Guinea,PNG,2017,2099999.905
Papua New Guinea,PNG,2018,2099999.905
Papua New Guinea,PNG,2019,2200000.048
Paraguay,PRY,2001,600000.0238
Paraguay,PRY,2002,500000
Paraguay,PRY,2003,500000
Paraguay,PRY,2004,500000
Paraguay,PRY,2005,600000.0238
Paraguay,PRY,2006,600000.0238
Paraguay,PRY,2007,600000.0238
Paraguay,PRY,2008,600000.0238
Paraguay,PRY,2009,600000.0238
Paraguay,PRY,2010,500000
Paraguay,PRY,2011,500000
Paraguay,PRY,2012,500000
Paraguay,PRY,2013,500000
Paraguay,PRY,2014,500000
Paraguay,PRY,2015,500000
Paraguay,PRY,2016,500000
Paraguay,PRY,2017,500000
Paraguay,PRY,2018,600000.0238
Paraguay,PRY,2019,699999.9881
Peru,PER,2001,5800000.191
Peru,PER,2002,6199999.809
Peru,PER,2003,6300000.191
Peru,PER,2004,6000000
Peru,PER,2005,5199999.809
Peru,PER,2006,4400000.095
Peru,PER,2007,3900000.095
Peru,PER,2008,3299999.952
Peru,PER,2009,2799999.952
Peru,PER,2010,2500000
Peru,PER,2011,2299999.952
Peru,PER,2012,2000000
Peru,PER,2013,1700000.048
Peru,PER,2014,1600000.024
Peru,PER,2015,1799999.952
Peru,PER,2016,2099999.905
Peru,PER,2017,2400000.095
Peru,PER,2018,2500000
Peru,PER,2019,2799999.952
Philippines,PHL,2001,14899999.62
Philippines,PHL,2002,15000000
Philippines,PHL,2003,14199999.81
Philippines,PHL,2004,13699999.81
Philippines,PHL,2005,12899999.62
Philippines,PHL,2006,12300000.19
Philippines,PHL,2007,11699999.81
Philippines,PHL,2008,11399999.62
Philippines,PHL,2009,11800000.19
Philippines,PHL,2010,12600000.38
Philippines,PHL,2011,13100000.38
Philippines,PHL,2012,13300000.19
Philippines,PHL,2013,13699999.81
Philippines,PHL,2014,13899999.62
Philippines,PHL,2015,13600000.38
Philippines,PHL,2016,12500000
Philippines,PHL,2017,11399999.62
Philippines,PHL,2018,10300000.19
Philippines,PHL,2019,10100000.38
Polynesia,OWID_PYA,2000,50000.00075
Polynesia,OWID_PYA,2001,50000.00075
Polynesia,OWID_PYA,2002,50000.00075
Polynesia,OWID_PYA,2003,50000.00075
Polynesia,OWID_PYA,2004,50000.00075
Polynesia,OWID_PYA,2005,50000.00075
Polynesia,OWID_PYA,2006,50000.00075
Polynesia,OWID_PYA,2007,50000.00075
Polynesia,OWID_PYA,2008,50000.00075
Polynesia,OWID_PYA,2009,50000.00075
Polynesia,OWID_PYA,2010,50000.00075
Polynesia,OWID_PYA,2011,50000.00075
Polynesia,OWID_PYA,2012,50000.00075
Polynesia,OWID_PYA,2013,50000.00075
Polynesia,OWID_PYA,2014,50000.00075
Polynesia,OWID_PYA,2015,50000.00075
Polynesia,OWID_PYA,2016,50000.00075
Polynesia,OWID_PYA,2017,50000.00075
Polynesia,OWID_PYA,2018,50000.00075
Polynesia,OWID_PYA,2019,50000.00075
Polynesia,OWID_PYA,2020,50000.00075
Russia,RUS,2001,5900000.095
Russia,RUS,2002,4800000.191
Russia,RUS,2003,4000000
Rwanda,RWA,2001,3200000.048
Rwanda,RWA,2002,3000000
Rwanda,RWA,2003,3000000
Rwanda,RWA,2004,3099999.905
Rwanda,RWA,2005,3099999.905
Rwanda,RWA,2006,3000000
Rwanda,RWA,2007,3000000
Rwanda,RWA,2008,2799999.952
Rwanda,RWA,2009,2900000.095
Rwanda,RWA,2010,3099999.905
Rwanda,RWA,2011,3500000
Rwanda,RWA,2012,3599999.905
Rwanda,RWA,2013,3799999.952
Rwanda,RWA,2014,3900000.095
Rwanda,RWA,2015,4000000
Rwanda,RWA,2016,4099999.905
Rwanda,RWA,2017,4099999.905
Rwanda,RWA,2018,4199999.809
Rwanda,RWA,2019,4400000.095
Saint Vincent and the Grenadines,VCT,2001,50000.00075
Saint Vincent and the Grenadines,VCT,2002,50000.00075
Saint Vincent and the Grenadines,VCT,2003,50000.00075
Saint Vincent and the Grenadines,VCT,2004,50000.00075
Saint Vincent and the Grenadines,VCT,2005,50000.00075
Saint Vincent and the Grenadines,VCT,2006,50000.00075
Saint Vincent and the Grenadines,VCT,2007,50000.00075
Saint Vincent and the Grenadines,VCT,2008,50000.00075
Saint Vincent and the Grenadines,VCT,2009,50000.00075
Saint Vincent and the Grenadines,VCT,2010,50000.00075
Saint Vincent and the Grenadines,VCT,2011,50000.00075
Saint Vincent and the Grenadines,VCT,2012,50000.00075
Saint Vincent and the Grenadines,VCT,2013,50000.00075
Saint Vincent and the Grenadines,VCT,2014,50000.00075
Saint Vincent and the Grenadines,VCT,2015,50000.00075
Saint Vincent and the Grenadines,VCT,2016,50000.00075
Saint Vincent and the Grenadines,VCT,2017,50000.00075
Saint Vincent and the Grenadines,VCT,2018,50000.00075
Saint Vincent and the Grenadines,VCT,2019,50000.00075
Samoa,WSM,2001,50000.00075
Samoa,WSM,2002,50000.00075
Samoa,WSM,2003,50000.00075
Samoa,WSM,2004,50000.00075
Samoa,WSM,2005,50000.00075
Samoa,WSM,2006,50000.00075
Samoa,WSM,2007,50000.00075
Samoa,WSM,2008,50000.00075
Samoa,WSM,2009,50000.00075
Samoa,WSM,2010,50000.00075
Samoa,WSM,2011,50000.00075
Samoa,WSM,2012,50000.00075
Samoa,WSM,2013,50000.00075
Samoa,WSM,2014,50000.00075
Samoa,WSM,2015,50000.00075
Samoa,WSM,2016,50000.00075
Samoa,WSM,2017,50000.00075
Samoa,WSM,2018,50000.00075
Samoa,WSM,2019,50000.00075
Sao Tome and Principe,STP,2001,50000.00075
Sao Tome and Principe,STP,2002,50000.00075
Sao Tome and Principe,STP,2003,50000.00075
Sao Tome and Principe,STP,2004,50000.00075
Sao Tome and Principe,STP,2005,50000.00075
Sao Tome and Principe,STP,2006,50000.00075
Sao Tome and Principe,STP,2007,50000.00075
Sao Tome and Principe,STP,2008,50000.00075
Sao Tome and Principe,STP,2009,50000.00075
Sao Tome and Principe,STP,2010,50000.00075
Sao Tome and Principe,STP,2011,50000.00075
Sao Tome and Principe,STP,2012,50000.00075
Sao Tome and Principe,STP,2013,50000.00075
Sao Tome and Principe,STP,2014,50000.00075
Sao Tome and Principe,STP,2015,50000.00075
Sao Tome and Principe,STP,2016,50000.00075
Sao Tome and Principe,STP,2017,50000.00075
Sao Tome and Principe,STP,2018,50000.00075
Sao Tome and Principe,STP,2019,50000.00075
Saudi Arabia,SAU,2001,1000000
Saudi Arabia,SAU,2002,1100000.024
Saudi Arabia,SAU,2003,1200000.048
Saudi Arabia,SAU,2004,1200000.048
Saudi Arabia,SAU,2005,1100000.024
Saudi Arabia,SAU,2006,1100000.024
Saudi Arabia,SAU,2007,1200000.048
Saudi Arabia,SAU,2008,1399999.976
Saudi Arabia,SAU,2009,1500000
Saudi Arabia,SAU,2010,1600000.024
Saudi Arabia,SAU,2011,1500000
Saudi Arabia,SAU,2012,1600000.024
Saudi Arabia,SAU,2013,1399999.976
Saudi Arabia,SAU,2014,1299999.952
Saudi Arabia,SAU,2015,1200000.048
Saudi Arabia,SAU,2016,1200000.048
Saudi Arabia,SAU,2017,1200000.048
Saudi Arabia,SAU,2018,1299999.952
Saudi Arabia,SAU,2019,1299999.952
Senegal,SEN,2001,2400000.095
Senegal,SEN,2002,2299999.952
Senegal,SEN,2003,2200000.048
Senegal,SEN,2004,2000000
Senegal,SEN,2005,1899999.976
Senegal,SEN,2006,1799999.952
Senegal,SEN,2007,1500000
Senegal,SEN,2008,1299999.952
Senegal,SEN,2009,1299999.952
Senegal,SEN,2010,1399999.976
Senegal,SEN,2011,1500000
Senegal,SEN,2012,1600000.024
Senegal,SEN,2013,1600000.024
Senegal,SEN,2014,1600000.024
Senegal,SEN,2015,1399999.976
Senegal,SEN,2016,1299999.952
Senegal,SEN,2017,1200000.048
Senegal,SEN,2018,1200000.048
Senegal,SEN,2019,1200000.048
Serbia,SRB,2001,300000.0119
Serbia,SRB,2002,300000.0119
Serbia,SRB,2003,200000.003
Serbia,SRB,2011,200000.003
Serbia,SRB,2012,200000.003
Serbia,SRB,2013,300000.0119
Serbia,SRB,2014,300000.0119
Serbia,SRB,2015,400000.006
Serbia,SRB,2016,400000.006
Serbia,SRB,2017,400000.006
Serbia,SRB,2018,300000.0119
Serbia,SRB,2019,300000.0119
Sierra Leone,SLE,2001,2400000.095
Sierra Leone,SLE,2002,2500000
Sierra Leone,SLE,2003,2599999.905
Sierra Leone,SLE,2004,2599999.905
Sierra Leone,SLE,2005,2599999.905
Sierra Leone,SLE,2006,2500000
Sierra Leone,SLE,2007,2500000
Sierra Leone,SLE,2008,2500000
Sierra Leone,SLE,2009,2200000.048
Sierra Leone,SLE,2010,1799999.952
Sierra Leone,SLE,2011,1600000.024
Sierra Leone,SLE,2012,1600000.024
Sierra Leone,SLE,2013,1700000.048
Sierra Leone,SLE,2014,1799999.952
Sierra Leone,SLE,2015,1899999.976
Sierra Leone,SLE,2016,1899999.976
Sierra Leone,SLE,2017,2000000
Sierra Leone,SLE,2018,2000000
Sierra Leone,SLE,2019,2000000
Slovakia,SVK,2001,300000.0119
Slovakia,SVK,2002,300000.0119
Slovakia,SVK,2003,300000.0119
Slovakia,SVK,2004,300000.0119
Slovakia,SVK,2005,300000.0119
Slovakia,SVK,2006,300000.0119
Slovakia,SVK,2007,300000.0119
Slovakia,SVK,2008,300000.0119
Slovakia,SVK,2009,200000.003
Slovakia,SVK,2010,200000.003
Slovakia,SVK,2011,200000.003
Slovakia,SVK,2012,200000.003
Slovakia,SVK,2013,200000.003
Slovakia,SVK,2014,300000.0119
Slovakia,SVK,2015,300000.0119
Slovakia,SVK,2016,300000.0119
Slovakia,SVK,2017,200000.003
Slovakia,SVK,2018,200000.003
Slovakia,SVK,2019,200000.003
Small Island Developing States (FAO),,2000,10300000.19
Small Island Developing States (FAO),,2001,10399999.62
Small Island Developing States (FAO),,2002,10199999.81
Small Island Developing States (FAO),,2003,11399999.62
Small Island Developing States (FAO),,2004,11000000
Small Island Developing States (FAO),,2005,10699999.81
Small Island Developing States (FAO),,2006,10300000.19
Small Island Developing States (FAO),,2007,10399999.62
Small Island Developing States (FAO),,2008,10600000.38
Small Island Developing States (FAO),,2009,10500000
Small Island Developing States (FAO),,2010,9199999.809
Small Island Developing States (FAO),,2011,9300000.191
Small Island Developing States (FAO),,2012,9500000
Small Island Developing States (FAO),,2013,9699999.809
Small Island Developing States (FAO),,2014,9500000
Small Island Developing States (FAO),,2015,9699999.809
Small Island Developing States (FAO),,2016,9899999.619
Small Island Developing States (FAO),,2017,9899999.619
Small Island Developing States (FAO),,2018,10300000.19
Small Island Developing States (FAO),,2019,10300000.19
Small Island Developing States (FAO),,2020,10600000.38
Solomon Islands,SLB,2001,50000.00075
Solomon Islands,SLB,2002,50000.00075
Solomon Islands,SLB,2003,50000.00075
Solomon Islands,SLB,2004,50000.00075
Solomon Islands,SLB,2005,50000.00075
Solomon Islands,SLB,2006,50000.00075
Solomon Islands,SLB,2007,50000.00075
Solomon Islands,SLB,2008,50000.00075
Solomon Islands,SLB,2009,50000.00075
Solomon Islands,SLB,2010,50000.00075
Solomon Islands,SLB,2011,50000.00075
Solomon Islands,SLB,2012,50000.00075
Solomon Islands,SLB,2013,100000.0015
Solomon Islands,SLB,2014,100000.0015
Solomon Islands,SLB,2015,100000.0015
Solomon Islands,SLB,2016,100000.0015
Solomon Islands,SLB,2017,100000.0015
Solomon Islands,SLB,2018,100000.0015
Solomon Islands,SLB,2019,100000.0015
Somalia,SOM,2001,5300000.191
Somalia,SOM,2002,5500000
Somalia,SOM,2003,5699999.809
Somalia,SOM,2004,5900000.095
Somalia,SOM,2005,6099999.905
Somalia,SOM,2006,6300000.191
Somalia,SOM,2007,6500000
Somalia,SOM,2008,6599999.905
Somalia,SOM,2009,7900000.095
Somalia,SOM,2010,9100000.381
Somalia,SOM,2011,10100000.38
Somalia,SOM,2012,10100000.38
Somalia,SOM,2013,9300000.191
Somalia,SOM,2014,8800000.191
Somalia,SOM,2015,8300000.191
Somalia,SOM,2016,8199999.809
Somalia,SOM,2017,8600000.381
Somalia,SOM,2018,8600000.381
Somalia,SOM,2019,9199999.809
South Africa,ZAF,2001,1799999.952
South Africa,ZAF,2002,1700000.048
South Africa,ZAF,2003,1700000.048
South Africa,ZAF,2004,1600000.024
South Africa,ZAF,2005,1600000.024
South Africa,ZAF,2006,1700000.048
South Africa,ZAF,2007,1700000.048
South Africa,ZAF,2008,1799999.952
South Africa,ZAF,2009,1799999.952
South Africa,ZAF,2010,1799999.952
South Africa,ZAF,2011,1899999.976
South Africa,ZAF,2012,2099999.905
South Africa,ZAF,2013,2299999.952
South Africa,ZAF,2014,2599999.905
South Africa,ZAF,2015,2900000.095
South Africa,ZAF,2016,3000000
South Africa,ZAF,2017,3099999.905
South Africa,ZAF,2018,3200000.048
South Africa,ZAF,2019,3799999.952
South America (FAO),,2000,38599998.47
South America (FAO),,2001,38500000
South America (FAO),,2002,41299999.24
South America (FAO),,2003,35200000.76
South America (FAO),,2004,34200000.76
South America (FAO),,2005,32700000.76
South America (FAO),,2006,31000000
South America (FAO),,2007,29500000
South America (FAO),,2008,25399999.62
South America (FAO),,2009,26200000.76
South America (FAO),,2010,22500000
South America (FAO),,2011,20899999.62
South America (FAO),,2012,19100000.38
South America (FAO),,2013,18000000
South America (FAO),,2014,15699999.81
South America (FAO),,2015,17200000.76
South America (FAO),,2016,22399999.62
South America (FAO),,2017,22000000
South America (FAO),,2018,22700000.76
South America (FAO),,2019,24700000.76
South America (FAO),,2020,33700000.76
South Asia (excluding India) (FAO),,2000,70300003.05
South Asia (excluding India) (FAO),,2001,73300003.05
South Asia (excluding India) (FAO),,2002,78800003.05
South Asia (excluding India) (FAO),,2003,72800003.05
South Asia (excluding India) (FAO),,2004,68500000
South Asia (excluding India) (FAO),,2005,68300003.05
South Asia (excluding India) (FAO),,2006,67400001.53
South Asia (excluding India) (FAO),,2007,62200000.76
South Asia (excluding India) (FAO),,2008,65500000
South Asia (excluding India) (FAO),,2009,64199996.95
South Asia (excluding India) (FAO),,2010,67900001.53
South Asia (excluding India) (FAO),,2011,70400001.53
South Asia (excluding India) (FAO),,2012,70699996.95
South Asia (excluding India) (FAO),,2013,71599998.47
South Asia (excluding India) (FAO),,2014,62700000.76
South Asia (excluding India) (FAO),,2015,58900001.53
South Asia (excluding India) (FAO),,2016,62299999.24
South Asia (excluding India) (FAO),,2017,60400001.53
South Asia (excluding India) (FAO),,2018,57700000.76
South Asia (excluding India) (FAO),,2019,58900001.53
South Asia (excluding India) (FAO),,2020,66099998.47
South Korea,KOR,2002,1200000.048
South Korea,KOR,2003,1299999.952
South Korea,KOR,2004,1299999.952
South-eastern Asia (FAO),,2000,107900001.5
South-eastern Asia (FAO),,2001,108900001.5
South-eastern Asia (FAO),,2002,103000000
South-eastern Asia (FAO),,2003,100000000
South-eastern Asia (FAO),,2004,96900001.53
South-eastern Asia (FAO),,2005,97000000
South-eastern Asia (FAO),,2006,93400001.53
South-eastern Asia (FAO),,2007,87800003.05
South-eastern Asia (FAO),,2008,84800003.05
South-eastern Asia (FAO),,2009,80300003.05
South-eastern Asia (FAO),,2010,69000000
South-eastern Asia (FAO),,2011,64300003.05
South-eastern Asia (FAO),,2012,59400001.53
South-eastern Asia (FAO),,2013,58400001.53
South-eastern Asia (FAO),,2014,54200000.76
South-eastern Asia (FAO),,2015,52700000.76
South-eastern Asia (FAO),,2016,49900001.53
South-eastern Asia (FAO),,2017,48099998.47
South-eastern Asia (FAO),,2018,45299999.24
South-eastern Asia (FAO),,2019,46000000
South-eastern Asia (FAO),,2020,48799999.24
Southern Africa (FAO),,2000,3000000
Southern Africa (FAO),,2001,2799999.952
Southern Africa (FAO),,2002,2900000.095
Southern Africa (FAO),,2003,2799999.952
Southern Africa (FAO),,2004,2700000.048
Southern Africa (FAO),,2005,2700000.048
Southern Africa (FAO),,2006,3000000
Southern Africa (FAO),,2007,3099999.905
Southern Africa (FAO),,2008,3299999.952
Southern Africa (FAO),,2009,3500000
Southern Africa (FAO),,2010,3599999.905
Southern Africa (FAO),,2011,3700000.048
Southern Africa (FAO),,2012,3700000.048
Southern Africa (FAO),,2013,4000000
Southern Africa (FAO),,2014,4199999.809
Southern Africa (FAO),,2015,4699999.809
Southern Africa (FAO),,2016,5099999.905
Southern Africa (FAO),,2017,4699999.809
Southern Africa (FAO),,2018,5000000
Southern Africa (FAO),,2019,5099999.905
Southern Africa (FAO),,2020,6800000.191
Southern Asia (FAO),,2000,241300003.1
Southern Asia (FAO),,2001,270399993.9
Southern Asia (FAO),,2002,305399993.9
Southern Asia (FAO),,2003,306799987.8
Southern Asia (FAO),,2004,325700012.2
Southern Asia (FAO),,2005,325899993.9
Southern Asia (FAO),,2006,296100006.1
Southern Asia (FAO),,2007,262299987.8
Southern Asia (FAO),,2008,258100006.1
Southern Asia (FAO),,2009,268600006.1
Southern Asia (FAO),,2010,267899993.9
Southern Asia (FAO),,2011,257700012.2
Southern Asia (FAO),,2012,268500000
Southern Asia (FAO),,2013,256299987.8
Southern Asia (FAO),,2014,259899993.9
Southern Asia (FAO),,2015,256899993.9
Southern Asia (FAO),,2016,243800003.1
Southern Asia (FAO),,2017,243800003.1
Southern Asia (FAO),,2018,247600006.1
Southern Asia (FAO),,2019,255199996.9
Southern Asia (FAO),,2020,305700012.2
Sri Lanka,LKA,2001,3200000.048
Sri Lanka,LKA,2002,3099999.905
Sri Lanka,LKA,2003,3099999.905
Sri Lanka,LKA,2004,3000000
Sri Lanka,LKA,2005,2900000.095
Sri Lanka,LKA,2006,2799999.952
Sri Lanka,LKA,2007,2500000
Sri Lanka,LKA,2008,2400000.095
Sri Lanka,LKA,2009,2299999.952
Sri Lanka,LKA,2010,2299999.952
Sri Lanka,LKA,2011,2200000.048
Sri Lanka,LKA,2012,2099999.905
Sri Lanka,LKA,2013,1899999.976
Sri Lanka,LKA,2014,1700000.048
Sri Lanka,LKA,2015,1399999.976
Sri Lanka,LKA,2016,1299999.952
Sri Lanka,LKA,2017,1299999.952
Sri Lanka,LKA,2018,1299999.952
Sri Lanka,LKA,2019,1399999.976
Sub-Saharan Africa (FAO),,2000,185100006.1
Sub-Saharan Africa (FAO),,2001,183800003.1
Sub-Saharan Africa (FAO),,2002,185500000
Sub-Saharan Africa (FAO),,2003,189300003.1
Sub-Saharan Africa (FAO),,2004,189500000
Sub-Saharan Africa (FAO),,2005,179199996.9
Sub-Saharan Africa (FAO),,2006,179800003.1
Sub-Saharan Africa (FAO),,2007,183800003.1
Sub-Saharan Africa (FAO),,2008,184100006.1
Sub-Saharan Africa (FAO),,2009,184199996.9
Sub-Saharan Africa (FAO),,2010,172600006.1
Sub-Saharan Africa (FAO),,2011,182500000
Sub-Saharan Africa (FAO),,2012,184399993.9
Sub-Saharan Africa (FAO),,2013,192800003.1
Sub-Saharan Africa (FAO),,2014,179399993.9
Sub-Saharan Africa (FAO),,2015,186100006.1
Sub-Saharan Africa (FAO),,2016,197800003.1
Sub-Saharan Africa (FAO),,2017,197300003.1
Sub-Saharan Africa (FAO),,2018,212000000
Sub-Saharan Africa (FAO),,2019,219800003.1
Sub-Saharan Africa (FAO),,2020,264200012.2
Sudan,SDN,2001,6000000
Sudan,SDN,2002,5800000.191
Sudan,SDN,2003,5900000.095
Sudan,SDN,2004,6000000
Sudan,SDN,2005,5800000.191
Sudan,SDN,2006,5599999.905
Sudan,SDN,2007,5400000.095
Sudan,SDN,2008,5400000.095
Sudan,SDN,2009,5599999.905
Sudan,SDN,2010,5699999.809
Sudan,SDN,2011,5500000
Sudan,SDN,2012,4800000.191
Sudan,SDN,2013,4300000.191
Sudan,SDN,2014,4199999.809
Sudan,SDN,2015,4400000.095
Sudan,SDN,2016,4699999.809
Sudan,SDN,2017,4800000.191
Sudan,SDN,2018,5000000
Sudan,SDN,2019,5300000.191
Suriname,SUR,2001,50000.00075
Suriname,SUR,2002,50000.00075
Suriname,SUR,2003,50000.00075
Suriname,SUR,2004,50000.00075
Suriname,SUR,2005,50000.00075
Suriname,SUR,2006,50000.00075
Suriname,SUR,2007,50000.00075
Suriname,SUR,2008,50000.00075
Suriname,SUR,2009,50000.00075
Suriname,SUR,2010,50000.00075
Suriname,SUR,2011,50000.00075
Suriname,SUR,2012,50000.00075
Suriname,SUR,2013,50000.00075
Suriname,SUR,2014,50000.00075
Suriname,SUR,2015,50000.00075
Suriname,SUR,2016,50000.00075
Suriname,SUR,2017,50000.00075
Suriname,SUR,2018,50000.00075
Suriname,SUR,2019,50000.00075
Tanzania,TZA,2001,11300000.19
Tanzania,TZA,2002,12100000.38
Tanzania,TZA,2003,12199999.81
Tanzania,TZA,2004,12600000.38
Tanzania,TZA,2005,12100000.38
Tanzania,TZA,2006,11899999.62
Tanzania,TZA,2007,12399999.62
Tanzania,TZA,2008,12800000.19
Tanzania,TZA,2009,13300000.19
Tanzania,TZA,2010,13100000.38
Tanzania,TZA,2011,12800000.19
Tanzania,TZA,2012,12800000.19
Tanzania,TZA,2013,12699999.81
Tanzania,TZA,2014,12600000.38
Tanzania,TZA,2015,12500000
Tanzania,TZA,2016,12800000.19
Tanzania,TZA,2017,13199999.81
Tanzania,TZA,2018,13600000.38
Tanzania,TZA,2019,14500000
Thailand,THA,2001,11000000
Thailand,THA,2002,10500000
Thailand,THA,2003,9699999.809
Thailand,THA,2004,8899999.619
Thailand,THA,2005,7800000.191
Thailand,THA,2006,7000000
Thailand,THA,2007,6699999.809
Thailand,THA,2008,7099999.905
Thailand,THA,2009,6900000.095
Thailand,THA,2010,6699999.809
Thailand,THA,2011,6199999.809
Thailand,THA,2012,6000000
Thailand,THA,2013,5599999.905
Thailand,THA,2014,5300000.191
Thailand,THA,2015,5000000
Thailand,THA,2016,5099999.905
Thailand,THA,2017,5400000.095
Thailand,THA,2018,5500000
Thailand,THA,2019,5699999.809
Timor,TLS,2001,400000.006
Timor,TLS,2002,300000.0119
Timor,TLS,2003,300000.0119
Timor,TLS,2004,300000.0119
Timor,TLS,2005,300000.0119
Timor,TLS,2006,300000.0119
Timor,TLS,2007,300000.0119
Timor,TLS,2008,300000.0119
Timor,TLS,2009,300000.0119
Timor,TLS,2010,400000.006
Timor,TLS,2011,300000.0119
Timor,TLS,2012,400000.006
Timor,TLS,2013,300000.0119
Timor,TLS,2014,300000.0119
Timor,TLS,2015,300000.0119
Timor,TLS,2016,300000.0119
Timor,TLS,2017,300000.0119
Timor,TLS,2018,300000.0119
Timor,TLS,2019,300000.0119
Togo,TGO,2001,1600000.024
Togo,TGO,2002,1600000.024
Togo,TGO,2003,1600000.024
Togo,TGO,2004,1600000.024
Togo,TGO,2005,1600000.024
Togo,TGO,2006,1600000.024
Togo,TGO,2007,1600000.024
Togo,TGO,2008,1600000.024
Togo,TGO,2009,1500000
Togo,TGO,2010,1399999.976
Togo,TGO,2011,1299999.952
Togo,TGO,2012,1299999.952
Togo,TGO,2013,1399999.976
Togo,TGO,2014,1500000
Togo,TGO,2015,1500000
Togo,TGO,2016,1600000.024
Togo,TGO,2017,1600000.024
Togo,TGO,2018,1600000.024
Togo,TGO,2019,1700000.048
Trinidad and Tobago,TTO,2001,100000.0015
Trinidad and Tobago,TTO,2002,100000.0015
Trinidad and Tobago,TTO,2003,100000.0015
Trinidad and Tobago,TTO,2004,100000.0015
Trinidad and Tobago,TTO,2005,100000.0015
Trinidad and Tobago,TTO,2006,100000.0015
Trinidad and Tobago,TTO,2007,100000.0015
Trinidad and Tobago,TTO,2008,100000.0015
Trinidad and Tobago,TTO,2009,100000.0015
Trinidad and Tobago,TTO,2010,100000.0015
Trinidad and Tobago,TTO,2011,100000.0015
Trinidad and Tobago,TTO,2012,50000.00075
Trinidad and Tobago,TTO,2013,50000.00075
Trinidad and Tobago,TTO,2014,50000.00075
Trinidad and Tobago,TTO,2015,50000.00075
Trinidad and Tobago,TTO,2016,50000.00075
Trinidad and Tobago,TTO,2017,50000.00075
Trinidad and Tobago,TTO,2018,50000.00075
Trinidad and Tobago,TTO,2019,50000.00075
Tunisia,TUN,2001,400000.006
Tunisia,TUN,2002,400000.006
Tunisia,TUN,2003,400000.006
Tunisia,TUN,2004,400000.006
Tunisia,TUN,2005,400000.006
Tunisia,TUN,2006,400000.006
Tunisia,TUN,2007,400000.006
Tunisia,TUN,2008,400000.006
Tunisia,TUN,2009,400000.006
Tunisia,TUN,2010,400000.006
Tunisia,TUN,2011,400000.006
Tunisia,TUN,2012,300000.0119
Tunisia,TUN,2013,300000.0119
Tunisia,TUN,2014,300000.0119
Tunisia,TUN,2015,300000.0119
Tunisia,TUN,2018,300000.0119
Tunisia,TUN,2019,300000.0119
Turkmenistan,TKM,2001,300000.0119
Turkmenistan,TKM,2002,300000.0119
Turkmenistan,TKM,2003,200000.003
Turkmenistan,TKM,2004,200000.003
Turkmenistan,TKM,2005,200000.003
Turkmenistan,TKM,2006,200000.003
Turkmenistan,TKM,2007,200000.003
Turkmenistan,TKM,2008,200000.003
Turkmenistan,TKM,2009,200000.003
Turkmenistan,TKM,2010,200000.003
Turkmenistan,TKM,2011,200000.003
Turkmenistan,TKM,2012,300000.0119
Turkmenistan,TKM,2013,200000.003
Turkmenistan,TKM,2014,200000.003
Turkmenistan,TKM,2015,200000.003
Turkmenistan,TKM,2016,200000.003
Turkmenistan,TKM,2017,200000.003
Turkmenistan,TKM,2018,200000.003
Turkmenistan,TKM,2019,200000.003
Ukraine,UKR,2001,1399999.976
United Arab Emirates,ARE,2001,100000.0015
United Arab Emirates,ARE,2002,200000.003
United Arab Emirates,ARE,2003,200000.003
United Arab Emirates,ARE,2004,300000.0119
United Arab Emirates,ARE,2005,400000.006
United Arab Emirates,ARE,2006,500000
United Arab Emirates,ARE,2007,600000.0238
United Arab Emirates,ARE,2008,600000.0238
United Arab Emirates,ARE,2009,600000.0238
United Arab Emirates,ARE,2010,500000
United Arab Emirates,ARE,2011,500000
United Arab Emirates,ARE,2012,400000.006
United Arab Emirates,ARE,2013,300000.0119
United Arab Emirates,ARE,2014,300000.0119
United Arab Emirates,ARE,2015,300000.0119
United Arab Emirates,ARE,2016,300000.0119
United Arab Emirates,ARE,2017,300000.0119
United Arab Emirates,ARE,2018,300000.0119
United Arab Emirates,ARE,2019,400000.006
Uruguay,URY,2001,100000.0015
Uruguay,URY,2002,100000.0015
Uruguay,URY,2003,100000.0015
Uruguay,URY,2004,100000.0015
Uruguay,URY,2005,100000.0015
Uruguay,URY,2006,100000.0015
Uruguay,URY,2007,100000.0015
Uruguay,URY,2008,50000.00075
Uzbekistan,UZB,2001,4500000
Uzbekistan,UZB,2002,4900000.095
Uzbekistan,UZB,2003,4800000.191
Uzbekistan,UZB,2004,4400000.095
Uzbekistan,UZB,2005,3900000.095
Uzbekistan,UZB,2006,3400000.095
Uzbekistan,UZB,2007,3099999.905
Uzbekistan,UZB,2008,3099999.905
Uzbekistan,UZB,2009,2400000.095
Uzbekistan,UZB,2010,1600000.024
Vanuatu,VUT,2001,50000.00075
Vanuatu,VUT,2002,50000.00075
Vanuatu,VUT,2003,50000.00075
Vanuatu,VUT,2004,50000.00075
Vanuatu,VUT,2005,50000.00075
Vanuatu,VUT,2006,50000.00075
Vanuatu,VUT,2007,50000.00075
Vanuatu,VUT,2008,50000.00075
Vanuatu,VUT,2009,50000.00075
Vanuatu,VUT,2010,50000.00075
Vanuatu,VUT,2011,50000.00075
Vanuatu,VUT,2012,50000.00075
Vanuatu,VUT,2013,50000.00075
Vanuatu,VUT,2014,50000.00075
Vanuatu,VUT,2015,50000.00075
Vanuatu,VUT,2016,50000.00075
Vanuatu,VUT,2017,50000.00075
Vanuatu,VUT,2018,50000.00075
Vanuatu,VUT,2019,50000.00075
Venezuela,VEN,2001,3700000.048
Venezuela,VEN,2002,3799999.952
Venezuela,VEN,2003,3700000.048
Venezuela,VEN,2004,2599999.905
Venezuela,VEN,2005,2200000.048
Venezuela,VEN,2006,1899999.976
Venezuela,VEN,2007,1299999.952
Venezuela,VEN,2008,800000.0119
Venezuela,VEN,2012,899999.9762
Venezuela,VEN,2013,1000000
Venezuela,VEN,2014,1500000
Venezuela,VEN,2015,3400000.095
Venezuela,VEN,2016,4900000.095
Venezuela,VEN,2017,6500000
Venezuela,VEN,2018,6800000.191
Venezuela,VEN,2019,7800000.191
Vietnam,VNM,2001,15899999.62
Vietnam,VNM,2002,14699999.81
Vietnam,VNM,2003,13399999.62
Vietnam,VNM,2004,13000000
Vietnam,VNM,2005,13000000
Vietnam,VNM,2006,12899999.62
Vietnam,VNM,2007,12100000.38
Vietnam,VNM,2008,11100000.38
Vietnam,VNM,2009,10300000.19
Vietnam,VNM,2010,9699999.809
Vietnam,VNM,2011,8899999.619
Vietnam,VNM,2012,8399999.619
Vietnam,VNM,2013,7900000.095
Vietnam,VNM,2014,7800000.191
Vietnam,VNM,2015,7500000
Vietnam,VNM,2016,7300000.191
Vietnam,VNM,2017,6800000.191
Vietnam,VNM,2018,6500000
Vietnam,VNM,2019,6500000
Western Africa (FAO),,2000,39599998.47
Western Africa (FAO),,2001,40000000
Western Africa (FAO),,2002,40000000
Western Africa (FAO),,2003,40299999.24
Western Africa (FAO),,2004,39400001.53
Western Africa (FAO),,2005,38000000
Western Africa (FAO),,2006,36400001.53
Western Africa (FAO),,2007,36500000
Western Africa (FAO),,2008,36200000.76
Western Africa (FAO),,2009,37200000.76
Western Africa (FAO),,2010,34700000.76
Western Africa (FAO),,2011,36700000.76
Western Africa (FAO),,2012,36500000
Western Africa (FAO),,2013,42000000
Western Africa (FAO),,2014,39799999.24
Western Africa (FAO),,2015,40500000
Western Africa (FAO),,2016,43200000.76
Western Africa (FAO),,2017,43799999.24
Western Africa (FAO),,2018,47799999.24
Western Africa (FAO),,2019,50599998.47
Western Africa (FAO),,2020,75199996.95
Western Asia (FAO),,2000,17899999.62
Western Asia (FAO),,2001,17200000.76
Western Asia (FAO),,2002,17700000.76
Western Asia (FAO),,2003,18799999.24
Western Asia (FAO),,2004,18100000.38
Western Asia (FAO),,2005,18500000
Western Asia (FAO),,2006,18200000.76
Western Asia (FAO),,2007,18399999.62
Western Asia (FAO),,2008,19600000.38
Western Asia (FAO),,2009,19100000.38
Western Asia (FAO),,2010,21100000.38
Western Asia (FAO),,2011,32799999.24
Western Asia (FAO),,2012,33099998.47
Western Asia (FAO),,2013,33400001.53
Western Asia (FAO),,2014,33000000
Western Asia (FAO),,2015,37000000
Western Asia (FAO),,2016,39299999.24
Western Asia (FAO),,2017,38599998.47
Western Asia (FAO),,2018,38900001.53
Western Asia (FAO),,2019,39799999.24
Western Asia (FAO),,2020,42299999.24
World,OWID_WRL,2000,800299987.8
World,OWID_WRL,2001,817799987.8
World,OWID_WRL,2002,839599975.6
World,OWID_WRL,2003,834400024.4
World,OWID_WRL,2004,836400024.4
World,OWID_WRL,2005,810700012.2
World,OWID_WRL,2006,764900024.4
World,OWID_WRL,2007,711299987.8
World,OWID_WRL,2008,685500000
World,OWID_WRL,2009,684400024.4
World,OWID_WRL,2010,636799987.8
World,OWID_WRL,2011,635799987.8
World,OWID_WRL,2012,637400024.4
World,OWID_WRL,2013,631200012.2
World,OWID_WRL,2014,606900024.4
World,OWID_WRL,2015,615099975.6
World,OWID_WRL,2016,619599975.6
World,OWID_WRL,2017,615000000
World,OWID_WRL,2018,633400024.4
World,OWID_WRL,2019,650299987.8
World,OWID_WRL,2020,768000000
Yemen,YEM,2001,4800000.191
Yemen,YEM,2002,5099999.905
Yemen,YEM,2003,5300000.191
Yemen,YEM,2004,5500000
Yemen,YEM,2005,5599999.905
Yemen,YEM,2006,5500000
Yemen,YEM,2007,5599999.905
Yemen,YEM,2008,5699999.809
Yemen,YEM,2009,5300000.191
Yemen,YEM,2010,6099999.905
Yemen,YEM,2011,6599999.905
Yemen,YEM,2012,8199999.809
Yemen,YEM,2013,8600000.381
Yemen,YEM,2014,10000000
Yemen,YEM,2015,11500000
Yemen,YEM,2016,12500000
Yemen,YEM,2017,13000000
Yemen,YEM,2018,12899999.62
Yemen,YEM,2019,13199999.81
